Data,Class
-3932,0
-3932,0
-3932,0
-4009,0
-3507,0
-3507,0
-3994,0
-3836,0
-3836,0
-3764,0
-3817,0
-3995,0
-3995,0
-3434,0
-3434,0
-3768,0
-3888,0
-3888,0
-3733,0
-3912,0
-3995,0
-3449,0
-3988,0
-3988,0
-3984,0
-3984,0
-3918,0
-3918,0
-3576,0
-3576,0
-3881,0
-3881,0
-3881,0
-3803,0
-3936,0
-3871,0
-3508,0
-3508,0
-3950,0
-3744,0
-3744,0
-3814,0
-3814,0
-3375,0
-3529,0
-3529,0
-3743,0
-3686,0
-3602,0
-3692,0
-3692,0
-3995,0
-3525,0
-3526,0
-3831,0
-3864,0
-3776,0
-3776,0
-3948,0
-3948,0
-3707,0
-3990,0
-3735,0
-3832,0
-3839,0
-3891,0
-3665,0
-3739,0
-3739,0
-3624,0
-3624,0
-3624,0
-3765,0
-3873,0
-3725,0
-3725,0
-3805,0
-3805,0
-3807,0
-3807,0
-3987,0
-3664,0
-3628,0
-3881,0
-3819,0
-3819,0
-3864,0
-3864,0
-4083,0
-3630,0
-3603,0
-3603,0
-3603,0
-3753,0
-3738,0
-4068,0
-3647,0
-3619,0
-3619,0
-3619,0
-3915,0
-3915,0
-3780,0
-4011,0
-4011,0
-3772,0
-3712,0
-3680,0
-3680,0
-3841,0
-3962,0
-3781,0
-3781,0
-3781,0
-3628,0
-3981,0
-3981,0
-3835,0
-3869,0
-3805,0
-3805,0
-3590,0
-3469,0
-3750,0
-3740,0
-3996,0
-3894,0
-3797,0
-3954,0
-3710,0
-3527,0
-3527,0
-3527,0
-3626,0
-3506,0
-3506,0
-3506,0
-3506,0
-3679,0
-3623,0
-3832,0
-3927,0
-3927,0
-3677,0
-3677,0
-4040,0
-3665,0
-3345,0
-3566,0
-3566,0
-3780,0
-3839,0
-3744,0
-3744,0
-4063,0
-3623,0
-3623,0
-3840,0
-3711,0
-3629,0
-3651,0
-3651,0
-3704,0
-3953,0
-3953,0
-3520,0
-3520,0
-3858,0
-3705,0
-3705,0
-3705,0
-3927,0
-3769,0
-3920,0
-3757,0
-3734,0
-3734,0
-3807,0
-3963,0
-3939,0
-3939,0
-3890,0
-4013,0
-3949,0
-3949,0
-3546,0
-3887,0
-3887,0
-3887,0
-3887,0
-3935,0
-3623,0
-3567,0
-3980,0
-3980,0
-3904,0
-3778,0
-3985,0
-3906,0
-3906,0
-3562,0
-3800,0
-3732,0
-3885,0
-3747,0
-3747,0
-4036,0
-4036,0
-3613,0
-3547,0
-3841,0
-3727,0
-3727,0
-3727,0
-3949,0
-3783,0
-3754,0
-3853,0
-3727,0
-3703,0
-3703,0
-3853,0
-4081,0
-3749,0
-3749,0
-3749,0
-3749,0
-3860,0
-3993,0
-3664,0
-3455,0
-3455,0
-3674,0
-3626,0
-3871,0
-3871,0
-3507,0
-3399,0
-3789,0
-3833,0
-3833,0
-3986,0
-4003,0
-3760,0
-3760,0
-3742,0
-3742,0
-3772,0
-3863,0
-3657,0
-3576,0
-3887,0
-3887,0
-3906,0
-4115,0
-3731,0
-3731,0
-3850,0
-3957,0
-3957,0
-3953,0
-3953,0
-3902,0
-3769,0
-3458,0
-3664,0
-3664,0
-3862,0
-3862,0
-3897,0
-4025,0
-3856,0
-3428,0
-3905,0
-3839,0
-3839,0
-3839,0
-3839,0
-3618,0
-3713,0
-3713,0
-3779,0
-3661,0
-3791,0
-4120,0
-4120,0
-4120,0
-3482,0
-3878,0
-3990,0
-3913,0
-4083,0
-3788,0
-3844,0
-4126,0
-3926,0
-3926,0
-4092,0
-4092,0
-3771,0
-3714,0
-3916,0
-3916,0
-3894,0
-3894,0
-3976,0
-3475,0
-4040,0
-4040,0
-3726,0
-3782,0
-3782,0
-3753,0
-3473,0
-3495,0
-3495,0
-3700,0
-3566,0
-3566,0
-3841,0
-4083,0
-4116,0
-3949,0
-3593,0
-3707,0
-3900,0
-3833,0
-3735,0
-3869,0
-4007,0
-3566,0
-3743,0
-3937,0
-3831,0
-3886,0
-4059,0
-4059,0
-3643,0
-4009,0
-3979,0
-3979,0
-4004,0
-3719,0
-3719,0
-3889,0
-3889,0
-3821,0
-3977,0
-3977,0
-4218,0
-4218,0
-3510,0
-3738,0
-3989,0
-3791,0
-3832,0
-3832,0
-3757,0
-3695,0
-3695,0
-4024,0
-3811,0
-3736,0
-4029,0
-3606,0
-3499,0
-3499,0
-3760,0
-3670,0
-3623,0
-3846,0
-3846,0
-3913,0
-3916,0
-3867,0
-3867,0
-3988,0
-3988,0
-3467,0
-3408,0
-3632,0
-3880,0
-3880,0
-3840,0
-3840,0
-3943,0
-3503,0
-3772,0
-4164,0
-3783,0
-3676,0
-3763,0
-3763,0
-3978,0
-3917,0
-4061,0
-4061,0
-3754,0
-3731,0
-4028,0
-3992,0
-3992,0
-3992,0
-3992,0
-3992,0
-3992,0
-3992,0
-3992,0
-3992,0
-3992,0
-3992,0
-3992,0
-3992,0
-3992,0
-3992,0
-3992,0
-3992,0
-3992,0
-3992,0
-3992,0
-3992,0
-3992,0
-3992,0
-3992,0
-3992,0
-3992,0
-3992,0
-3992,0
-3992,0
-3992,0
-3992,0
-3992,0
-3992,0
-3992,0
-3992,0
-3992,0
-3992,0
-3992,0
-3992,0
-3992,0
-3992,0
-3992,0
-3992,0
-3992,0
-3992,0
-3992,0
-3992,0
-3992,0
-3992,0
-3992,0
-3992,0
-3992,0
-3992,0
-3992,0
-3992,0
-3992,0
-3992,0
-3992,0
-3992,0
-3992,0
-3992,0
-3992,0
-3992,0
-3992,0
-3992,0
-3992,0
-3992,0
-3992,0
-3992,0
-3992,0
-3992,0
-3992,0
-3992,0
-3992,0
-3992,0
-3992,0
0,0
0,0
0,0
0,0
0,0
0,0
0,0
0,0
0,0
0,0
0,0
224,0
34,0
34,0
-61,0
-61,0
-60,0
211,0
65,0
53,0
58,0
83,0
-176,0
-176,0
211,0
211,0
-174,0
33,0
139,0
65,0
65,0
65,0
-66,0
-66,0
31,0
31,0
-93,0
127,0
425,0
-213,0
68,0
68,0
68,0
-112,0
160,0
234,0
108,0
49,0
-158,0
32,0
-42,0
-42,0
284,0
284,0
-31,0
-33,0
67,0
67,0
157,0
67,0
117,0
-65,0
-65,0
-46,0
51,0
51,0
-25,0
-90,0
64,0
-239,0
-239,0
258,0
258,0
-50,0
-50,0
-83,0
-244,0
74,0
74,0
186,0
186,0
-58,0
-267,0
-111,0
59,0
-35,0
-146,0
-89,0
-230,0
129,0
220,0
-93,0
30,0
-154,0
-154,0
-161,0
239,0
239,0
-112,0
-135,0
-135,0
-135,0
414,0
200,0
-32,0
114,0
128,0
128,0
128,0
-212,0
291,0
231,0
-12,0
-15,0
-36,0
-118,0
-118,0
208,0
-53,0
-53,0
-95,0
-120,0
-120,0
371,0
163,0
-13,0
57,0
57,0
-29,0
-260,0
98,0
178,0
-175,0
263,0
88,0
123,0
72,0
157,0
279,0
279,0
279,0
21,0
127,0
-99,0
-131,0
145,0
145,0
-135,0
-135,0
-135,0
-135,0
-96,0
152,0
230,0
-53,0
58,0
-86,0
-47,0
-47,0
-186,0
315,0
41,0
41,0
103,0
131,0
68,0
68,0
169,0
100,0
101,0
101,0
101,0
-163,0
460,0
272,0
-67,0
-67,0
-67,0
0,0
0,0
315,0
134,0
1,0
125,0
125,0
5,0
5,0
-217,0
-217,0
6,0
-139,0
-139,0
-139,0
-99,0
-99,0
-64,0
-64,0
27,0
245,0
245,0
277,0
-28,0
87,0
-8,0
-213,0
109,0
43,0
77,0
-55,0
-206,0
-219,0
-219,0
248,0
248,0
-76,0
99,0
99,0
78,0
166,0
-85,0
-85,0
192,0
303,0
263,0
0,0
-279,0
-279,0
73,0
217,0
217,0
56,0
237,0
137,0
95,0
383,0
320,0
-49,0
104,0
64,0
73,0
141,0
275,0
186,0
186,0
48,0
48,0
48,0
57,0
54,0
166,0
-31,0
11,0
11,0
-24,0
309,0
318,0
-43,0
-43,0
-43,0
-5,0
29,0
361,0
281,0
281,0
143,0
69,0
69,0
69,0
79,0
262,0
262,0
14,0
190,0
122,0
41,0
324,0
324,0
40,0
111,0
-31,0
359,0
-6,0
-14,0
14,0
5,0
5,0
498,0
498,0
-91,0
89,0
-10,0
-225,0
46,0
46,0
125,0
-104,0
-51,0
-52,0
-143,0
130,0
379,0
-35,0
100,0
100,0
39,0
30,0
30,0
176,0
14,0
178,0
19,0
3,0
-56,0
278,0
278,0
186,0
186,0
-70,0
-70,0
-60,0
116,0
188,0
-36,0
69,0
-5,0
-29,0
18,0
18,0
18,0
8,0
-32,0
215,0
215,0
308,0
79,0
-49,0
155,0
155,0
-124,0
39,0
39,0
-32,0
-32,0
269,0
269,0
269,0
269,0
-184,0
-184,0
-322,0
-322,0
297,0
-155,0
44,0
-9,0
-32,0
166,0
166,0
-69,0
53,0
53,0
311,0
26,0
-36,0
-36,0
-210,0
-57,0
-133,0
-133,0
117,0
-20,0
-269,0
286,0
286,0
17,0
-64,0
-9,0
199,0
199,0
287,0
-63,0
-63,0
302,0
96,0
-196,0
-221,0
322,0
43,0
82,0
43,0
-71,0
-147,0
124,0
99,0
-87,0
-73,0
50,0
50,0
-85,0
63,0
-235,0
-235,0
-109,0
-29,0
207,0
-94,0
-29,0
-10,0
-122,0
-122,0
-122,0
-55,0
28,0
28,0
-124,0
-35,0
302,0
257,0
52,0
177,0
251,0
251,0
251,0
-153,0
-153,0
51,0
-52,0
-108,0
-19,0
-19,0
87,0
87,0
87,0
-9,0
-94,0
-94,0
-111,0
-111,0
-166,0
55,0
-19,0
-19,0
-166,0
-12,0
-169,0
5,0
184,0
184,0
412,0
46,0
-106,0
-72,0
-304,0
126,0
126,0
126,0
70,0
-35,0
-196,0
207,0
207,0
31,0
-126,0
-126,0
-54,0
-52,0
-115,0
312,0
39,0
12,0
175,0
28,0
28,0
28,0
-121,0
-121,0
-121,0
-4,0
-4,0
131,0
-155,0
-155,0
-117,0
222,0
335,0
60,0
88,0
105,0
105,0
105,0
-248,0
-248,0
-248,0
194,0
194,0
194,0
194,0
-74,0
306,0
350,0
-33,0
0,0
0,0
136,0
30,0
-52,0
-52,0
-12,0
-12,0
164,0
-3,0
-137,0
257,0
257,0
-243,0
-243,0
37,0
37,0
-290,0
-290,0
-10,0
-76,0
-5,0
-90,0
-83,0
-113,0
53,0
53,0
-45,0
-37,0
-142,0
188,0
188,0
37,0
37,0
28,0
28,0
-289,0
-289,0
-72,0
149,0
69,0
69,0
175,0
175,0
175,0
175,0
99,0
-41,0
-24,0
508,0
170,0
143,0
143,0
143,0
143,0
344,0
344,0
394,0
72,0
232,0
3,0
-201,0
-201,0
403,0
-96,0
121,0
121,0
103,0
333,0
53,0
28,0
142,0
142,0
142,0
34,0
263,0
54,0
49,0
45,0
45,0
210,0
496,0
171,0
171,0
66,0
-46,0
53,0
346,0
93,0
121,0
120,0
192,0
192,0
18,0
162,0
217,0
7,0
7,0
153,0
-158,0
-134,0
361,0
49,0
49,0
-169,0
-169,0
-65,0
119,0
99,0
99,0
-165,0
275,0
275,0
24,0
37,0
-80,0
-147,0
78,0
196,0
-127,0
-79,0
-114,0
-107,0
-110,0
-262,0
-262,0
151,0
-85,0
-186,0
-186,0
-212,0
-212,0
80,0
80,0
-44,0
-189,0
-254,0
-254,0
-77,0
-77,0
-44,0
-44,0
-3,0
12,0
-210,0
-85,0
278,0
-189,0
-68,0
-68,0
-68,0
-68,0
104,0
134,0
-102,0
-212,0
-212,0
92,0
-83,0
-83,0
-259,0
129,0
-87,0
-229,0
-229,0
224,0
123,0
47,0
47,0
64,0
121,0
-209,0
69,0
69,0
-37,0
19,0
-165,0
-385,0
-13,0
133,0
133,0
133,0
-142,0
-89,0
-210,0
-210,0
256,0
-167,0
-167,0
-53,0
-193,0
-193,0
387,0
-159,0
-94,0
-139,0
-139,0
-35,0
115,0
-197,0
-197,0
-283,0
-283,0
-271,0
-271,0
46,0
-312,0
-379,0
-162,0
-72,0
-310,0
-153,0
53,0
53,0
26,0
13,0
-55,0
-176,0
39,0
-218,0
-218,0
-270,0
-270,0
-259,0
-50,0
282,0
-260,0
-147,0
-178,0
-254,0
98,0
57,0
-106,0
-142,0
-200,0
-274,0
23,0
244,0
-5,0
36,0
36,0
-210,0
-119,0
-119,0
-110,0
-139,0
-139,0
-139,0
-419,0
-13,0
263,0
263,0
-151,0
26,0
26,0
-318,0
-253,0
-253,0
-24,0
111,0
33,0
-139,0
-139,0
-250,0
204,0
204,0
204,0
204,0
-220,0
-220,0
-126,0
-92,0
-92,0
-54,0
-54,0
-54,0
-360,0
-18,0
-230,0
-230,0
36,0
-131,0
-131,0
334,0
40,0
-127,0
-127,0
-214,0
-229,0
306,0
159,0
-115,0
-115,0
152,0
152,0
-40,0
-87,0
-182,0
314,0
314,0
24,0
-186,0
-186,0
-186,0
57,0
57,0
57,0
-103,0
51,0
-151,0
-151,0
-151,0
-68,0
-211,0
-269,0
-269,0
-150,0
-54,0
-84,0
-98,0
-98,0
-192,0
45,0
45,0
-175,0
-186,0
-92,0
-229,0
-141,0
-141,0
-322,0
24,0
-79,0
-79,0
-362,0
-362,0
-72,0
-209,0
-209,0
-156,0
-204,0
161,0
33,0
-300,0
-36,0
138,0
-59,0
-247,0
179,0
263,0
263,0
263,0
263,0
-175,0
-103,0
-103,0
-103,0
-50,0
175,0
-165,0
-94,0
-185,0
-32,0
-171,0
-120,0
-11,0
-166,0
-154,0
-154,0
-61,0
-61,0
-79,0
147,0
147,0
-11,0
104,0
104,0
104,0
-47,0
-184,0
255,0
115,0
-63,0
-84,0
-89,0
13,0
13,0
-242,0
192,0
192,0
-193,0
-65,0
121,0
-79,0
-130,0
59,0
59,0
-182,0
-273,0
48,0
48,0
-274,0
143,0
143,0
140,0
-155,0
6,0
-28,0
-25,0
-240,0
-240,0
-93,0
308,0
308,0
-367,0
4,0
83,0
-37,0
-142,0
134,0
134,0
-225,0
-217,0
-54,0
43,0
43,0
-94,0
198,0
-161,0
-222,0
33,0
-173,0
-173,0
183,0
148,0
148,0
-14,0
-14,0
-12,0
-136,0
32,0
110,0
-33,0
-83,0
7,0
-99,0
-221,0
-175,0
78,0
24,0
12,0
23,0
88,0
-97,0
-255,0
42,0
-143,0
-13,0
-102,0
-197,0
-197,0
-336,0
-336,0
-336,0
-200,0
-266,0
-266,0
-303,0
-49,0
71,0
71,0
-235,0
-146,0
-146,0
-279,0
-202,0
277,0
-38,0
-160,0
-210,0
-210,0
-234,0
80,0
80,0
-126,0
-280,0
-167,0
-71,0
-365,0
-102,0
13,0
-263,0
-263,0
-263,0
-263,0
-145,0
-145,0
-302,0
16,0
-133,0
-114,0
-114,0
-357,0
-296,0
17,0
205,0
205,0
-344,0
-297,0
-297,0
-257,0
-257,0
199,0
-16,0
-16,0
-90,0
-160,0
-160,0
-160,0
-134,0
31,0
-438,0
-293,0
-293,0
-221,0
-77,0
-77,0
-241,0
-363,0
-293,0
-189,0
-71,0
-52,0
-283,0
-332,0
101,0
-119,0
-84,0
-181,0
-23,0
-334,0
-343,0
-343,0
116,0
-53,0
15,0
-129,0
-240,0
-56,0
152,0
-46,0
-267,0
-224,0
-138,0
-361,0
-236,0
-92,0
-211,0
-211,0
-290,0
-290,0
-470,0
-470,0
92,0
-377,0
-377,0
-66,0
-140,0
-222,0
-271,0
203,0
-56,0
-56,0
-212,0
-48,0
-48,0
-176,0
-290,0
-290,0
-184,0
-184,0
-84,0
-362,0
-7,0
-45,0
-214,0
-214,0
-457,0
-457,0
-374,0
-374,0
-183,0
-183,0
-173,0
-285,0
-17,0
100,0
-375,0
-339,0
-207,0
-213,0
-213,0
-179,0
-397,0
-397,0
-259,0
-232,0
-232,0
-425,0
-52,0
-52,0
-261,0
-371,0
-314,0
-296,0
-503,0
-510,0
-99,0
-287,0
-101,0
-217,0
-355,0
-355,0
-251,0
-251,0
105,0
-470,0
-332,0
-332,0
-97,0
-97,0
-380,0
-380,0
-421,0
-421,0
-71,0
-501,0
-501,0
-501,0
-134,0
-293,0
-378,0
-448,0
-334,0
-424,0
-424,0
-424,0
-323,0
-470,0
-350,0
-349,0
-495,0
-297,0
27,0
-325,0
-292,0
-279,0
-422,0
-323,0
-323,0
-206,0
-397,0
-397,0
-295,0
-230,0
-230,0
-542,0
-357,0
-357,0
-367,0
-297,0
-297,0
-297,0
-310,0
-394,0
-394,0
-394,0
-435,0
-237,0
-237,0
-237,0
-237,0
-237,0
-237,0
-237,0
-237,0
-237,0
-237,0
-237,0
-237,0
-237,0
-237,0
-237,0
-237,0
-237,0
-237,0
-237,0
-237,0
-237,0
-237,0
-237,0
-237,0
-237,0
-237,0
-237,0
-237,0
-237,0
-237,0
-237,0
-237,0
-237,0
-237,0
-237,0
-237,0
-237,0
-237,0
-237,0
-237,0
-237,0
-237,0
-237,0
-237,0
-237,0
-237,0
-237,0
-237,0
-237,0
-237,0
-237,0
-237,0
-237,0
-237,0
-237,0
-237,0
-237,0
-237,0
-237,0
-237,0
-237,0
-237,0
-237,0
-237,0
-237,0
-237,0
-237,0
-237,0
-237,0
-237,0
-237,0
-237,0
-237,0
-237,0
-237,0
-237,0
-237,0
-237,0
-237,0
-237,0
-237,0
-237,0
-237,0
-237,0
-237,0
0,0
0,0
0,0
0,0
0,0
0,0
0,0
0,0
0,0
153,0
153,0
0,0
-208,0
46,0
-95,0
96,0
461,0
-245,0
-85,0
-156,0
-156,0
290,0
-242,0
-85,0
-138,0
-255,0
159,0
318,0
318,0
-32,0
-32,0
13,0
-176,0
-176,0
126,0
64,0
-238,0
-238,0
54,0
-58,0
289,0
289,0
16,0
1,0
1,0
-3,0
-3,0
-3,0
-16,0
298,0
-69,0
17,0
138,0
138,0
-317,0
24,0
295,0
271,0
84,0
-49,0
-49,0
42,0
-131,0
-250,0
188,0
-43,0
-122,0
-122,0
126,0
126,0
-108,0
313,0
176,0
-127,0
23,0
-16,0
-16,0
48,0
113,0
113,0
113,0
-54,0
75,0
137,0
225,0
417,0
-87,0
-66,0
28,0
-59,0
-365,0
-365,0
289,0
289,0
71,0
-101,0
-40,0
-187,0
-16,0
112,0
112,0
-150,0
-150,0
-88,0
-88,0
165,0
321,0
57,0
57,0
-89,0
14,0
14,0
-133,0
240,0
53,0
-166,0
30,0
-164,0
-90,0
-84,0
-134,0
-283,0
-283,0
195,0
-151,0
-121,0
-114,0
-124,0
-250,0
-250,0
-250,0
-89,0
-202,0
2,0
162,0
-48,0
-48,0
261,0
-61,0
-61,0
-61,0
-61,0
-64,0
-64,0
72,0
87,0
-153,0
-153,0
-76,0
47,0
47,0
-129,0
215,0
35,0
35,0
2,0
-236,0
2,0
345,0
345,0
-208,0
-112,0
-112,0
-112,0
-112,0
180,0
-170,0
-180,0
-220,0
-229,0
-128,0
191,0
153,0
93,0
93,0
-16,0
-16,0
-16,0
-16,0
200,0
51,0
-36,0
-36,0
-26,0
-73,0
62,0
171,0
-22,0
-244,0
-158,0
-426,0
-426,0
-426,0
-182,0
-182,0
-182,0
-156,0
166,0
166,0
-136,0
-72,0
-24,0
-110,0
-110,0
-48,0
229,0
170,0
-173,0
-102,0
40,0
-198,0
223,0
21,0
21,0
-101,0
-200,0
-238,0
292,0
160,0
-175,0
-175,0
47,0
-288,0
-88,0
149,0
-235,0
-247,0
-247,0
30,0
-16,0
60,0
222,0
68,0
-17,0
-17,0
-106,0
-106,0
293,0
293,0
-189,0
-189,0
-90,0
-344,0
-172,0
125,0
5,0
5,0
-78,0
-255,0
-190,0
-190,0
-190,0
-190,0
-276,0
-276,0
-133,0
-212,0
179,0
-126,0
-327,0
-327,0
-327,0
-327,0
-159,0
-53,0
-53,0
-259,0
-39,0
-131,0
-104,0
-104,0
-49,0
-49,0
-198,0
-146,0
-146,0
-253,0
161,0
161,0
-153,0
-106,0
-106,0
112,0
430,0
27,0
-110,0
-130,0
-239,0
165,0
165,0
-186,0
-186,0
-265,0
-265,0
-267,0
-99,0
168,0
-84,0
-162,0
-66,0
-66,0
-108,0
142,0
193,0
-201,0
-90,0
-296,0
-315,0
146,0
146,0
-125,0
-165,0
-372,0
-81,0
148,0
-62,0
-98,0
-98,0
-121,0
-219,0
-191,0
202,0
-62,0
-220,0
-220,0
-229,0
-135,0
212,0
115,0
115,0
13,0
-6,0
92,0
-186,0
-320,0
160,0
33,0
-300,0
-179,0
-175,0
-175,0
-141,0
-230,0
188,0
75,0
-224,0
-174,0
-111,0
-106,0
-106,0
-119,0
-119,0
-241,0
-256,0
-256,0
-249,0
-259,0
105,0
173,0
-140,0
-140,0
-154,0
-154,0
-302,0
-249,0
174,0
174,0
23,0
-77,0
-198,0
-198,0
-324,0
-83,0
274,0
146,0
-114,0
-93,0
-125,0
-299,0
-256,0
109,0
8,0
8,0
-179,0
-173,0
-173,0
-286,0
231,0
231,0
-476,0
-319,0
77,0
-47,0
-47,0
-51,0
194,0
194,0
-124,0
-30,0
-148,0
-193,0
-248,0
134,0
-164,0
-208,0
-139,0
-139,0
-139,0
6,0
145,0
145,0
145,0
-46,0
-168,0
-167,0
99,0
-139,0
-139,0
-149,0
-342,0
-407,0
45,0
-176,0
-176,0
-328,0
-328,0
111,0
111,0
-80,0
-274,0
-286,0
-266,0
-315,0
-176,0
36,0
-244,0
-247,0
-129,0
-117,0
-117,0
-234,0
-120,0
-120,0
-231,0
-143,0
6,0
-97,0
-97,0
-97,0
-141,0
-224,0
-94,0
-290,0
-339,0
1,0
-260,0
-260,0
-87,0
-121,0
-192,0
-168,0
14,0
14,0
-130,0
-203,0
-209,0
-233,0
-233,0
11,0
-208,0
-208,0
-289,0
-184,0
-327,0
-327,0
-173,0
-161,0
-161,0
-103,0
-228,0
-296,0
-296,0
-139,0
-185,0
-233,0
-233,0
-233,0
-274,0
-43,0
-43,0
-401,0
-245,0
-245,0
-548,0
-548,0
-191,0
-191,0
-170,0
-173,0
-363,0
-128,0
-331,0
-221,0
-221,0
-118,0
-380,0
-101,0
73,0
-208,0
-208,0
-317,0
-110,0
-380,0
-177,0
142,0
-162,0
-162,0
-133,0
-248,0
-386,0
-69,0
-17,0
-250,0
0,0
-189,0
-189,0
-125,0
143,0
143,0
-167,0
-167,0
-206,0
-301,0
-149,0
-302,0
-302,0
-302,0
-302,0
-94,0
-94,0
-13,0
-146,0
-146,0
-247,0
-247,0
-28,0
-28,0
-200,0
-200,0
-41,0
-273,0
63,0
-93,0
-430,0
-430,0
-29,0
-220,0
240,0
43,0
-371,0
-166,0
-166,0
-166,0
-166,0
-221,0
-221,0
-221,0
-221,0
-268,0
-190,0
-167,0
-167,0
-230,0
23,0
94,0
-91,0
-282,0
-282,0
-350,0
-198,0
-231,0
-231,0
-45,0
-332,0
-274,0
-177,0
-195,0
-195,0
-237,0
148,0
-235,0
-312,0
-253,0
-124,0
-308,0
-198,0
73,0
73,0
-346,0
-346,0
21,0
-266,0
-140,0
-140,0
24,0
24,0
-317,0
-317,0
0,0
-57,0
-232,0
-339,0
-121,0
126,0
126,0
-343,0
-388,0
-301,0
-301,0
-218,0
75,0
-483,0
-238,0
-52,0
-280,0
-138,0
-138,0
-249,0
-194,0
-194,0
-194,0
-194,0
-166,0
81,0
-406,0
-406,0
-406,0
-194,0
-376,0
233,0
233,0
-323,0
-323,0
-347,0
-347,0
-29,0
-8,0
-252,0
-354,0
-336,0
-47,0
-166,0
-334,0
-359,0
-359,0
-583,0
-191,0
-450,0
-347,0
-347,0
-454,0
-10,0
-75,0
-391,0
-391,0
-272,0
-282,0
-358,0
-131,0
79,0
-308,0
-310,0
-245,0
-345,0
-284,0
-267,0
-523,0
-451,0
-451,0
-344,0
15000,1
42097,1
66250,1
79497,1
79497,1
127176,1
142261,1
165264,1
165264,1
172194,1
176166,1
176156,1
175349,1
172805,1
172805,1
172191,1
171557,1
171873,1
170053,1
170057,1
170057,1
168362,1
168362,1
167777,1
167024,1
167024,1
166330,1
166330,1
165813,1
165813,1
165127,1
164533,1
164759,1
164759,1
164014,1
164570,1
163673,1
163844,1
163844,1
162862,1
163166,1
162449,1
162346,1
162573,1
162095,1
162333,1
162377,1
161607,1
161607,1
161220,1
160690,1
160948,1
160948,1
160819,1
160819,1
159869,1
159731,1
160077,1
159544,1
160181,1
159554,1
159123,1
159446,1
159446,1
158617,1
158894,1
159584,1
159316,1
159611,1
159263,1
159378,1
159801,1
159486,1
159469,1
159129,1
159129,1
159124,1
159057,1
158499,1
158499,1
159212,1
157998,1
159015,1
159015,1
158106,1
158106,1
158613,1
158850,1
158778,1
158778,1
158689,1
159041,1
158311,1
158490,1
159043,1
158368,1
158704,1
158401,1
157693,1
156673,1
155378,1
154211,1
152968,1
151809,1
151809,1
151809,1
150709,1
149993,1
149993,1
149678,1
148941,1
148941,1
147982,1
147112,1
146403,1
145570,1
143279,1
138660,1
134610,1
130138,1
125414,1
110918,1
104526,1
98801,1
98801,1
89654,1
89654,1
80092,1
73526,1
69918,1
67234,1
64845,1
63777,1
63777,1
63807,1
63807,1
63807,1
63591,1
63758,1
64397,1
64099,1
64099,1
64780,1
64609,1
64561,1
64620,1
65065,1
65065,1
65065,1
65169,1
65495,1
65634,1
65639,1
65444,1
65444,1
66120,1
65728,1
66215,1
65830,1
66164,1
66164,1
65950,1
66175,1
66169,1
66201,1
66482,1
66073,1
66073,1
66597,1
66597,1
66597,1
66707,1
66175,1
66175,1
67131,1
66871,1
66810,1
66152,1
66152,1
66152,1
66343,1
66343,1
67098,1
67098,1
65936,1
66036,1
66036,1
64875,1
64409,1
62595,1
60020,1
58465,1
57776,1
57938,1
57976,1
57767,1
57808,1
56990,1
56990,1
56638,1
55613,1
55537,1
55234,1
55234,1
55234,1
55051,1
55911,1
55897,1
55382,1
56403,1
55953,1
56607,1
56161,1
56433,1
56433,1
56086,1
56421,1
56350,1
56350,1
56674,1
56248,1
56267,1
56267,1
56267,1
56044,1
55990,1
55951,1
56236,1
56236,1
55811,1
55967,1
56135,1
56051,1
55846,1
55846,1
55536,1
55973,1
55892,1
55892,1
56436,1
55904,1
56262,1
56195,1
55832,1
55832,1
56332,1
56135,1
56135,1
56135,1
55184,1
55184,1
54604,1
53860,1
54310,1
54038,1
54038,1
54038,1
54350,1
54350,1
54516,1
54290,1
54482,1
54132,1
53821,1
54390,1
54390,1
53998,1
54353,1
54353,1
54195,1
53978,1
53978,1
53989,1
53989,1
53862,1
53756,1
53794,1
53418,1
52510,1
52165,1
52003,1
50907,1
51052,1
50716,1
49918,1
50403,1
50005,1
50005,1
49744,1
49003,1
48232,1
47858,1
47858,1
47699,1
47699,1
48148,1
48148,1
48281,1
48281,1
48281,1
48272,1
47888,1
48069,1
47824,1
47827,1
47895,1
47895,1
47653,1
47898,1
47898,1
47209,1
47469,1
47469,1
47132,1
47233,1
47561,1
47556,1
47863,1
47500,1
47567,1
47428,1
47731,1
47879,1
47879,1
47537,1
47537,1
47908,1
47697,1
48401,1
47796,1
48036,1
47880,1
47580,1
47580,1
47952,1
47818,1
47766,1
47538,1
46505,1
46505,1
46505,1
46505,1
44136,1
41643,1
41643,1
39634,1
37904,1
35201,1
35201,1
32102,1
30485,1
28660,1
26823,1
26169,1
26169,1
25646,1
25532,1
25532,1
25385,1
25261,1
25479,1
25479,1
25127,1
25657,1
25657,1
25548,1
25537,1
25829,1
25829,1
25578,1
26010,1
26213,1
25949,1
25949,1
25913,1
26175,1
26175,1
26062,1
26278,1
26278,1
25770,1
25978,1
26037,1
25952,1
25952,1
26834,1
26073,1
26247,1
26247,1
26109,1
26205,1
26737,1
26736,1
26392,1
26411,1
26312,1
26630,1
26677,1
26677,1
26777,1
26405,1
26843,1
26937,1
26937,1
26937,1
26838,1
26865,1
26696,1
26819,1
26819,1
26819,1
26947,1
26515,1
27232,1
27232,1
26800,1
27147,1
26791,1
26557,1
27228,1
26995,1
27325,1
27325,1
27058,1
27297,1
27330,1
26975,1
26975,1
27867,1
27412,1
27140,1
27421,1
27120,1
27049,1
27206,1
27237,1
27237,1
27078,1
27012,1
27244,1
27013,1
27013,1
27558,1
27437,1
27437,1
26802,1
27049,1
27562,1
27159,1
27159,1
27083,1
26945,1
27206,1
27184,1
27625,1
27625,1
27411,1
27411,1
27737,1
27464,1
28347,1
27739,1
27852,1
27771,1
27413,1
27413,1
27766,1
27609,1
27609,1
27710,1
27303,1
27303,1
27614,1
27614,1
27659,1
27659,1
27437,1
28121,1
27737,1
27737,1
27745,1
27606,1
27763,1
27763,1
27537,1
27537,1
27681,1
27680,1
27680,1
27608,1
27889,1
27561,1
27730,1
27053,1
27182,1
27182,1
26143,1
25258,1
23510,1
22768,1
22115,1
21677,1
22374,1
23889,1
26338,1
26338,1
29043,1
29043,1
33432,1
33432,1
33432,1
44285,1
47337,1
47337,1
50934,1
50934,1
65159,1
65159,1
74414,1
79692,1
79692,1
82926,1
82926,1
89353,1
89353,1
91199,1
93608,1
93608,1
94105,1
93734,1
93734,1
94502,1
95023,1
95023,1
95837,1
95837,1
95431,1
95726,1
95430,1
96028,1
95626,1
95423,1
95683,1
95683,1
96402,1
96402,1
96920,1
96843,1
96963,1
96837,1
97322,1
97702,1
97862,1
97862,1
100475,1
100475,1
101113,1
100906,1
101959,1
103429,1
106738,1
106738,1
106738,1
106738,1
111536,1
113146,1
114414,1
118313,1
118313,1
118313,1
118313,1
127737,1
127737,1
127737,1
127737,1
137016,1
137016,1
138309,1
138586,1
138901,1
138684,1
139958,1
139680,1
139930,1
139961,1
139429,1
139429,1
139770,1
139770,1
139349,1
139264,1
139198,1
138888,1
139465,1
139465,1
139618,1
139448,1
139413,1
139815,1
140061,1
140198,1
140947,1
140947,1
141615,1
142139,1
142451,1
143233,1
143233,1
143233,1
143831,1
144500,1
145555,1
145866,1
147049,1
147365,1
147365,1
148937,1
149950,1
151094,1
152174,1
152174,1
153387,1
153387,1
153702,1
154605,1
154605,1
156303,1
156724,1
156724,1
156724,1
156621,1
156442,1
156442,1
156626,1
156626,1
156626,1
156871,1
156386,1
156299,1
156299,1
156639,1
156555,1
156555,1
156463,1
156463,1
156332,1
156453,1
156800,1
156363,1
156363,1
156363,1
156117,1
156117,1
155575,1
156074,1
155624,1
155624,1
155394,1
155394,1
155965,1
155539,1
155539,1
155539,1
155621,1
156282,1
156282,1
156667,1
156551,1
156380,1
156380,1
156671,1
156517,1
156337,1
156631,1
156631,1
156083,1
156541,1
155944,1
155577,1
155533,1
155533,1
155888,1
155888,1
155722,1
155848,1
155616,1
155552,1
155552,1
155736,1
155736,1
155364,1
155548,1
155751,1
155751,1
155698,1
156146,1
156146,1
155835,1
155567,1
155567,1
155216,1
155738,1
156156,1
155888,1
156127,1
156513,1
156309,1
156323,1
157014,1
156880,1
156879,1
157319,1
157080,1
157361,1
156981,1
156981,1
157256,1
157150,1
157404,1
157404,1
157404,1
157040,1
157040,1
156247,1
156424,1
156424,1
156282,1
156642,1
156906,1
156719,1
156461,1
155982,1
155982,1
155982,1
156025,1
156415,1
156415,1
156415,1
156415,1
154562,1
154562,1
154562,1
148449,1
144556,1
141437,1
134992,1
134992,1
134992,1
127580,1
126948,1
126742,1
126742,1
127147,1
127167,1
127770,1
128087,1
128180,1
128180,1
128072,1
128084,1
128425,1
128216,1
128275,1
128128,1
128128,1
128316,1
128316,1
128287,1
128844,1
128867,1
128773,1
128773,1
128802,1
128802,1
128634,1
128634,1
129178,1
128982,1
128860,1
128860,1
129318,1
129237,1
129237,1
129778,1
129138,1
129418,1
129418,1
129418,1
129418,1
129039,1
129039,1
126540,1
126540,1
124394,1
110059,1
110059,1
99235,1
92598,1
78088,1
69074,1
69074,1
49774,1
49774,1
28452,1
32827,1
34683,1
37277,1
40146,1
42661,1
45916,1
50293,1
50293,1
52104,1
52333,1
52500,1
53706,1
55465,1
59458,1
59458,1
60782,1
62554,1
62554,1
61516,1
61500,1
61683,1
61849,1
61974,1
61817,1
61849,1
62145,1
61540,1
61568,1
61568,1
61034,1
61530,1
61530,1
61130,1
61004,1
61004,1
61086,1
60752,1
60342,1
60390,1
60390,1
60596,1
60596,1
60368,1
60368,1
60254,1
60444,1
60444,1
60419,1
60434,1
60419,1
60419,1
60838,1
60247,1
61033,1
60769,1
60728,1
61094,1
61315,1
60783,1
60856,1
60856,1
60644,1
60644,1
60017,1
61280,1
60476,1
61027,1
60892,1
60892,1
60982,1
60920,1
61573,1
61715,1
61459,1
61848,1
61669,1
61669,1
61545,1
61315,1
61315,1
61623,1
61290,1
61438,1
62761,1
62761,1
63218,1
63965,1
64376,1
64376,1
64984,1
66018,1
66018,1
69708,1
71814,1
71814,1
75039,1
75401,1
75187,1
75243,1
75093,1
74862,1
74865,1
74812,1
75271,1
75271,1
75107,1
75107,1
74929,1
74740,1
74724,1
75506,1
76262,1
76977,1
77157,1
77687,1
77687,1
78895,1
78895,1
80979,1
80979,1
83150,1
84713,1
86225,1
89737,1
91273,1
91273,1
93726,1
94057,1
93268,1
93268,1
92846,1
93004,1
92668,1
93208,1
93208,1
92748,1
92372,1
92372,1
91976,1
91915,1
92554,1
92554,1
91913,1
91913,1
92123,1
92123,1
92092,1
91709,1
91918,1
91918,1
92004,1
92004,1
91605,1
91525,1
92096,1
91676,1
92065,1
91789,1
91732,1
91732,1
91755,1
91776,1
91766,1
91364,1
91465,1
91157,1
91157,1
91269,1
91705,1
91104,1
91458,1
91458,1
91545,1
91556,1
91278,1
91278,1
91252,1
90956,1
91467,1
90994,1
90994,1
91814,1
91814,1
91099,1
91099,1
91099,1
91224,1
91224,1
91167,1
91268,1
91440,1
91433,1
90962,1
91206,1
91432,1
91432,1
90595,1
91017,1
91288,1
90677,1
90573,1
90797,1
90303,1
90495,1
90157,1
89392,1
89392,1
88897,1
88897,1
88159,1
88159,1
86316,1
85542,1
84580,1
83364,1
82223,1
82058,1
82058,1
82058,1
81483,1
81480,1
80212,1
78151,1
77598,1
76505,1
75628,1
75628,1
72007,1
70871,1
69671,1
69671,1
67936,1
66822,1
66464,1
66464,1
65309,1
65511,1
65945,1
65575,1
65289,1
64242,1
62624,1
61513,1
61513,1
60472,1
60433,1
60214,1
60214,1
60013,1
60013,1
60013,1
59307,1
59216,1
59365,1
59242,1
59620,1
59647,1
59539,1
59539,1
60039,1
60056,1
59845,1
59491,1
59503,1
59503,1
59552,1
59763,1
60355,1
60355,1
59723,1
60056,1
59924,1
59866,1
59866,1
60029,1
60029,1
60034,1
59707,1
60421,1
60421,1
59748,1
60546,1
60766,1
60766,1
60003,1
60224,1
60130,1
60130,1
60287,1
60348,1
60521,1
59869,1
60039,1
60203,1
60203,1
60892,1
60861,1
60861,1
60377,1
60779,1
60302,1
60338,1
60338,1
60603,1
60603,1
60553,1
60727,1
60727,1
60094,1
60094,1
60867,1
60509,1
60611,1
60123,1
60365,1
60145,1
59971,1
59863,1
59670,1
59294,1
59639,1
59639,1
59683,1
59683,1
59038,1
59038,1
59038,1
58175,1
57802,1
57802,1
57802,1
57413,1
56608,1
56521,1
56521,1
56236,1
55853,1
55853,1
54345,1
54345,1
52483,1
50898,1
49520,1
47934,1
46933,1
46030,1
46030,1
44804,1
44400,1
43840,1
43673,1
42442,1
42072,1
41793,1
41105,1
40689,1
40689,1
41218,1
41393,1
41517,1
41423,1
41839,1
41839,1
41628,1
41628,1
42036,1
42036,1
41643,1
42137,1
42137,1
42078,1
42027,1
42027,1
42535,1
42535,1
42618,1
42465,1
42465,1
42465,1
42975,1
45332,1
48274,1
53034,1
53034,1
67129,1
67129,1
80585,1
87434,1
100067,1
100067,1
119166,1
119166,1
130790,1
130790,1
138718,1
141674,1
144585,1
144585,1
145333,1
145333,1
145333,1
147483,1
148618,1
148221,1
148591,1
148243,1
148243,1
148381,1
149608,1
150738,1
152795,1
153854,1
154982,1
156581,1
156581,1
161554,1
169022,1
175240,1
176363,1
178102,1
179322,1
179998,1
182405,1
182405,1
184365,1
186333,1
186910,1
187833,1
190049,1
193446,1
196311,1
196311,1
196311,1
201472,1
205596,1
211351,1
215776,1
215776,1
228971,1
236445,1
244479,1
251117,1
262216,1
266296,1
271190,1
275542,1
275542,1
282204,1
288214,1
288214,1
293917,1
297629,1
299820,1
299820,1
303585,1
306820,1
310705,1
312887,1
312887,1
312887,1
320288,1
320288,1
323637,1
323637,1
333829,1
336409,1
336409,1
340264,1
340264,1
341567,1
340868,1
339390,1
339390,1
339390,1
338040,1
339426,1
339223,1
339524,1
339524,1
340191,1
340816,1
341393,1
342724,1
344858,1
349954,1
352430,1
354163,1
355708,1
357635,1
359805,1
361199,1
366400,1
369532,1
369532,1
371286,1
374612,1
375203,1
375569,1
375569,1
375569,1
379096,1
379992,1
380858,1
380858,1
382167,1
384004,1
384004,1
386096,1
386774,1
387864,1
388617,1
388402,1
388402,1
387838,1
387097,1
386941,1
385909,1
384981,1
384981,1
383984,1
383984,1
383984,1
383984,1
382208,1
381710,1
379518,1
379518,1
378781,1
378261,1
378261,1
378499,1
378499,1
377660,1
377660,1
377667,1
380446,1
380446,1
385091,1
385091,1
385091,1
389997,1
392086,1
392086,1
396098,1
401175,1
402781,1
405841,1
409621,1
414888,1
418280,1
423599,1
423599,1
432563,1
432563,1
432563,1
438815,1
441823,1
445292,1
453258,1
456339,1
459678,1
465027,1
471999,1
471999,1
486218,1
493367,1
501614,1
501614,1
512503,1
517294,1
517294,1
526429,1
533957,1
533957,1
546594,1
554752,1
571391,1
579825,1
585793,1
590429,1
588790,1
589729,1
597244,1
603810,1
614550,1
617304,1
617408,1
615088,1
611777,1
606678,1
603483,1
598029,1
589722,1
585378,1
583980,1
582458,1
580676,1
580676,1
576165,1
572496,1
572496,1
569503,1
567524,1
567524,1
565301,1
564661,1
564661,1
564661,1
561419,1
560358,1
560631,1
558564,1
558564,1
557824,1
558018,1
558018,1
557491,1
556569,1
555849,1
555849,1
554770,1
555391,1
554444,1
554285,1
553316,1
553301,1
552749,1
551874,1
551313,1
550811,1
550132,1
550132,1
550132,1
548847,1
548847,1
547347,1
547188,1
546434,1
547545,1
557429,1
571903,1
589149,1
611186,1
611186,1
611186,1
611186,1
611186,1
611186,1
611186,1
611186,1
611186,1
611186,1
611186,1
721980,1
727879,1
727879,1
727056,1
727056,1
727056,1
727056,1
727229,1
727229,1
727423,1
729032,1
733776,1
737689,1
739676,1
739676,1
740219,1
739587,1
737749,1
739451,1
740928,1
743253,1
743253,1
745414,1
745414,1
745414,1
745414,1
745414,1
756800,1
756800,1
763595,1
763595,1
769021,1
769021,1
769021,1
776958,1
787510,1
787620,1
789522,1
791638,1
795444,1
804459,1
804459,1
811598,1
813692,1
815494,1
819177,1
821489,1
821489,1
828051,1
828051,1
837773,1
846401,1
846401,1
849232,1
852720,1
856547,1
860835,1
870069,1
877732,1
883457,1
884754,1
884754,1
900050,1
900050,1
914041,1
914041,1
925547,1
925547,1
936179,1
936179,1
940706,1
940706,1
953192,1
953192,1
954858,1
955100,1
957101,1
957101,1
957101,1
957101,1
957101,1
956221,1
953350,1
951331,1
950636,1
948596,1
946647,1
946647,1
945309,1
944324,1
941427,1
940676,1
940676,1
937182,1
935841,1
936200,1
934886,1
933162,1
932375,1
931584,1
931584,1
931584,1
929351,1
929412,1
929412,1
925060,1
923461,1
921923,1
921923,1
921923,1
921735,1
919815,1
919921,1
918276,1
918088,1
918088,1
933860,1
946463,1
946463,1
992375,1
1014712,1
1031747,1
1042207,1
1046312,1
1060140,1
1060140,1
1094463,1
1103741,1
1114736,1
1114736,1
1133058,1
1133058,1
1133058,1
1133058,1
1180120,1
1188947,1
1188947,1
1225508,1
1225508,1
1244298,1
1244298,1
1251105,1
1259527,1
1278421,1
1278421,1
1290542,1
1293761,1
1300213,1
1300213,1
1307675,1
1313019,1
1315923,1
1319155,1
1324123,1
1328881,1
1331951,1
1335109,1
1335109,1
1336486,1
1336735,1
1336735,1
1336735,1
1354982,1
1358257,1
1364556,1
1364556,1
1365759,1
1361935,1
1363341,1
1363341,1
1371880,1
1371880,1
1383688,1
1383688,1
1383304,1
1383845,1
1383732,1
1381365,1
1376449,1
1372618,1
1366422,1
1360515,1
1360515,1
1342623,1
1336518,1
1330741,1
1330741,1
1321906,1
1321906,1
1312530,1
1307211,1
1302800,1
1302800,1
1293807,1
1289924,1
1281087,1
1279328,1
1275443,1
1273627,1
1271132,1
1271132,1
1265959,1
1265959,1
1263087,1
1258680,1
1258680,1
1256661,1
1252522,1
1252098,1
1250380,1
1250380,1
1247687,1
1246188,1
1246639,1
1246639,1
1245346,1
1245346,1
1246637,1
1246637,1
1264391,1
1282689,1
1282689,1
1360084,1
1360084,1
1409192,1
1427772,1
1441714,1
1450996,1
1453153,1
1454234,1
1477511,1
1477511,1
1499695,1
1504255,1
1509772,1
1518849,1
1527882,1
1527882,1
1549399,1
1561486,1
1568657,1
1575391,1
1575391,1
1592351,1
1599624,1
1599624,1
1604197,1
1552177,1
1558702,1
1571906,1
1584629,1
1598054,1
1634162,1
1646555,1
1656172,1
1662101,1
1667478,1
1685499,1
1692612,1
1698780,1
1703538,1
1703538,1
1713509,1
1716065,1
1713787,1
1712739,1
1707489,1
1707489,1
1696375,1
1692847,1
1680812,1
1680812,1
1680812,1
1671171,1
1667086,1
1661864,1
1658547,1
1651830,1
1644921,1
1642335,1
1639656,1
1635339,1
1633795,1
1632430,1
1632430,1
1625334,1
1624012,1
1621171,1
1616582,1
1616582,1
1612600,1
1612600,1
1606576,1
1603869,1
1603416,1
1599836,1
1598940,1
1599283,1
1596315,1
1593857,1
1593857,1
1600264,1
1612371,1
1632284,1
1652809,1
1685171,1
1698669,1
1698669,1
1732214,1
1775946,1
1807937,1
1809996,1
1771598,1
1789801,1
1810333,1
1834744,1
1834744,1
1866048,1
1881167,1
1896515,1
1908334,1
1924629,1
1940457,1
1955856,1
1955856,1
2005123,1
2005123,1
2047984,1
2064185,1
2074545,1
2074545,1
2090390,1
2100290,1
2110350,1
2116318,1
2125747,1
2130799,1
2137503,1
2138186,1
2138186,1
2141361,1
2132718,1
2132718,1
2132718,1
2126254,1
2122414,1
2122414,1
2118996,1
2115730,1
2114059,1
2114059,1
2111554,1
2109616,1
2105902,1
2105902,1
2104669,1
2100418,1
2100418,1
2096030,1
2096030,1
2093059,1
2093059,1
2084230,1
2084230,1
2082894,1
2082894,1
2078157,1
2078157,1
2078157,1
2073671,1
2073671,1
2070279,1
2070490,1
2093791,1
2093791,1
2172578,1
2198591,1
2230351,1
2230351,1
2258449,1
2258449,1
2303231,1
2324377,1
2324377,1
2387626,1
2411295,1
2426373,1
2426373,1
2473838,1
2473838,1
2513159,1
2530245,1
2543307,1
2561058,1
2600649,1
2616722,1
2616722,1
2644142,1
2644142,1
2657369,1
2657369,1
2666968,1
2671897,1
2683910,1
2687608,1
2690859,1
2695414,1
2699222,1
2696358,1
2691332,1
2684198,1
2683598,1
2683598,1
2679038,1
2673878,1
2673878,1
2669191,1
2668781,1
2667511,1
2664297,1
2662478,1
2662478,1
2660446,1
2660446,1
2655536,1
2654388,1
2653485,1
2650187,1
2645327,1
2645327,1
2642621,1
2640682,1
2637601,1
2639024,1
2634233,1
2634257,1
2649593,1
2666251,1
2690596,1
2690596,1
2690596,1
2754165,1
2779183,1
2779183,1
2783882,1
2783882,1
2821389,1
2877447,1
2877447,1
2905262,1
2932465,1
2932465,1
2971710,1
3032863,1
3055750,1
3082565,1
3109376,1
3134327,1
3153571,1
3165993,1
3182150,1
3219378,1
3225813,1
3224627,1
3224627,1
3223896,1
3216502,1
3216502,1
3216502,1
3216502,1
3216502,1
3208276,1
3205620,1
3202384,1
3201717,1
3201717,1
3201717,1
3199232,1
3198136,1
3195716,1
3192508,1
3193665,1
3194171,1
3190270,1
3189013,1
3188928,1
3188928,1
3186884,1
3195716,1
3231563,1
3252298,1
3274767,1
3297992,1
3320118,1
3320118,1
3424626,1
3464070,1
3505659,1
3505659,1
3565535,1
3590499,1
3652139,1
3689471,1
3693699,1
3689339,1
3689339,1
3683789,1
3681523,1
3676602,1
3676602,1
3674427,1
3670182,1
3670872,1
3670872,1
3669383,1
3667914,1
3667914,1
3667914,1
3663729,1
3663785,1
3664551,1
3664551,1
3662166,1
3662166,1
3662166,1
3663056,1
3663056,1
3677439,1
3739661,1
3739661,1
3776807,1
3813526,1
3813526,1
3808102,1
3838993,1
3952350,1
3979004,1
3979004,1
4067711,1
4067711,1
4067711,1
4156420,1
4156420,1
4178722,1
4198791,1
4225348,1
4228628,1
4230855,1
4233557,1
4233557,1
4233557,1
4225779,1
4225271,1
4223853,1
4223853,1
4219419,1
4219419,1
4220871,1
4217496,1
4215510,1
4216720,1
4215548,1
4215883,1
4211782,1
4212460,1
4212460,1
4213612,1
4213612,1
4209526,1
4208920,1
4208920,1
4207663,1
4207663,1
4205907,1
4221846,1
4262380,1
4283112,1
4283112,1
4283112,1
4340591,1
4412526,1
4412526,1
4412526,1
4521164,1
4521164,1
4521164,1
4602199,1
4602199,1
4649760,1
4664435,1
4682166,1
4682166,1
4700876,1
4700876,1
4703937,1
4707462,1
4707462,1
4701069,1
4700208,1
4700158,1
4699707,1
4694527,1
4694527,1
4696656,1
4696728,1
4693628,1
4692991,1
4692517,1
4682079,1
4673103,1
4673103,1
4670183,1
4672292,1
4672292,1
4671293,1
4686655,1
4704662,1
4722542,1
4757221,1
4765811,1
4785890,1
4822988,1
4859176,1
4941751,1
4941751,1
4992436,1
4992436,1
5050905,1
5115544,1
5115544,1
5115544,1
5172174,1
5192675,1
5192675,1
5192675,1
5233115,1
5233115,1
5250310,1
5248165,1
5244252,1
5244894,1
5243275,1
5238634,1
5238634,1
5239213,1
5239213,1
5234804,1
5234804,1
5234804,1
5234804,1
5234241,1
5237771,1
5238751,1
5234405,1
5232269,1
5236341,1
5232922,1
5232922,1
5231300,1
5140701,1
5149063,1
5149063,1
5228947,1
5255447,1
5272048,1
5364547,1
5364547,1
5364547,1
5415441,1
5450088,1
5490154,1
5490154,1
5582377,1
5582377,1
5582377,1
5624340,1
5658308,1
5672091,1
5685161,1
5693434,1
5699262,1
5696094,1
5699121,1
5693862,1
5693761,1
5692013,1
5686892,1
5686892,1
5686892,1
5686892,1
5689358,1
5687433,1
5689371,1
5686081,1
5682174,1
5682174,1
5687948,1
5685181,1
5685181,1
5685181,1
5685181,1
5707979,1
5707979,1
5749031,1
5768623,1
5798940,1
5810715,1
5810715,1
5905736,1
5996046,1
5996046,1
6039198,1
6052418,1
6106571,1
6106571,1
6106571,1
6134934,1
6134934,1
6176547,1
6176547,1
6183131,1
6183131,1
6181359,1
6181359,1
6181359,1
6180917,1
6173061,1
6174174,1
6174174,1
6174174,1
6174514,1
6168071,1
6168974,1
6172550,1
6167722,1
6166918,1
6167939,1
6167939,1
6162068,1
6169235,1
6169476,1
6169476,1
6201569,1
6223617,1
6223617,1
6287811,1
6287811,1
6340005,1
6365939,1
6390824,1
6390824,1
6483600,1
6517266,1
6506114,1
6498749,1
6558389,1
6578394,1
6601462,1
6616890,1
6638595,1
6638595,1
6638595,1
6683091,1
6683091,1
6687890,1
6690652,1
6680292,1
6680292,1
6685213,1
6678113,1
6676314,1
6676165,1
6673142,1
6669252,1
6669252,1
6674670,1
6673349,1
6669050,1
6668163,1
6668163,1
6669982,1
6664622,1
6668760,1
6662783,1
6666284,1
6676639,1
6691609,1
6691609,1
6691609,1
6691609,1
6795295,1
6846333,1
6903438,1
6963156,1
6930535,1
6930535,1
7002377,1
7002377,1
7072343,1
7087096,1
7130827,1
7152078,1
7170520,1
7187780,1
7222454,1
7229856,1
7241583,1
7250899,1
7250899,1
7266995,1
7271772,1
7265571,1
7263260,1
7261439,1
7261439,1
7256628,1
7253182,1
7259565,1
7259565,1
7251808,1
7251808,1
7251808,1
7251808,1
7251808,1
7252354,1
7247833,1
7247833,1
7247833,1
7247833,1
7240228,1
7248411,1
7252885,1
7252885,1
7294398,1
7305691,1
7304646,1
7307313,1
7320478,1
7329596,1
7344632,1
7396215,1
7446034,1
7508789,1
7508789,1
7525755,1
7551771,1
7580416,1
7597250,1
7627820,1
7652197,1
7671311,1
7677726,1
7680628,1
7680628,1
7680628,1
7676933,1
7668445,1
7668445,1
7666664,1
7668612,1
7663304,1
7663304,1
7666537,1
7666537,1
7659012,1
7659012,1
7659339,1
7659339,1
7655480,1
7661008,1
7654443,1
7651671,1
7650740,1
7650740,1
7650740,1
7648045,1
7654283,1
7649353,1
7648567,1
7651809,1
7662849,1
7678345,1
7678345,1
7735603,1
7730585,1
7736138,1
7751961,1
7771364,1
7771364,1
7771364,1
7879757,1
7910277,1
7910277,1
7955699,1
7955699,1
7937639,1
7937639,1
7966560,1
7966560,1
8022244,1
8041605,1
8061125,1
8061125,1
8088423,1
8109552,1
8109552,1
8159187,1
8172057,1
8172057,1
8184873,1
8184873,1
8184873,1
8200154,1
8199779,1
8199779,1
8198547,1
8198547,1
8192705,1
8201338,1
8194317,1
8193639,1
8193639,1
8192229,1
8192229,1
8184117,1
8189633,1
8186100,1
8186019,1
8186019,1
8185756,1
8182645,1
8180739,1
8180739,1
8184789,1
8180244,1
8180656,1
8180656,1
8179594,1
8174074,1
8174074,1
8178341,1
8181898,1
8191292,1
8207755,1
8207755,1
8207755,1
8207755,1
8207755,1
8294753,1
8308356,1
8308356,1
8330758,1
8439817,1
8491657,1
8506782,1
8506782,1
8527941,1
8527941,1
8527941,1
8527941,1
8527941,1
8527941,1
8527941,1
8527941,1
8527941,1
8527941,1
8527941,1
8527941,1
8527941,1
8527941,1
8527941,1
8527941,1
8527941,1
8527941,1
8527941,1
8527941,1
8527941,1
8527941,1
8527941,1
8527941,1
8527941,1
8527941,1
8527941,1
8527941,1
8527941,1
8527941,1
8527941,1
8527941,1
8527941,1
8527941,1
8527941,1
8527941,1
8527941,1
8527941,1
8527941,1
8527941,1
8527941,1
8527941,1
8527941,1
8527941,1
8527941,1
8527941,1
8527941,1
8527941,1
8527941,1
8527941,1
8527941,1
8527941,1
8527941,1
8527941,1
8527941,1
8527941,1
8527941,1
8527941,1
8527941,1
8527941,1
8527941,1
8527941,1
8527941,1
8527941,1
8527941,1
8527941,1
8527941,1
8527941,1
8527941,1
8527941,1
8527941,1
8527941,1
8527941,1
8527941,1
8527941,1
8527941,1
8527941,1
8527941,1
8527941,1
8527941,1
8527941,1
8527941,1
8527941,1
8527941,1
8527941,1
8527941,1
8527941,1
8527941,1
8527941,1
8527941,1
8527941,1
8527941,1
8527941,1
8527941,1
8527941,1
8527941,1
8527941,1
8527941,1
8527941,1
8527941,1
8527941,1
8527941,1
8527941,1
8521941,1
8521941,1
8475295,1
8440292,1
8440292,1
8342168,1
8311039,1
8271389,1
8214660,1
8214660,1
8174590,1
8174590,1
8126075,1
8108131,1
8100186,1
8097281,1
8097281,1
8109075,1
8109075,1
8114093,1
8114093,1
8119856,1
8124450,1
8122680,1
8121007,1
8129856,1
8126598,1
8130895,1
8130081,1
8134432,1
8135882,1
8132856,1
8132479,1
8126775,1
8126802,1
8120919,1
8048915,1
8048915,1
8012320,1
7968814,1
7936556,1
7936556,1
7907307,1
7831369,1
7831369,1
7831369,1
7733612,1
7733612,1
7666265,1
7666265,1
7654566,1
7633014,1
7629465,1
7633767,1
7632603,1
7642573,1
7647769,1
7645355,1
7647756,1
7648780,1
7649630,1
7649630,1
7648625,1
7660156,1
7656332,1
7656332,1
7657243,1
7661844,1
7655882,1
7656325,1
7663717,1
7664123,1
7659667,1
7658652,1
7658572,1
7663295,1
7661186,1
7649608,1
7649608,1
7649608,1
7576690,1
7510408,1
7503236,1
7491188,1
7491188,1
7416991,1
7371621,1
7345512,1
7318824,1
7318824,1
7318824,1
7275550,1
7241975,1
7242502,1
7234172,1
7232715,1
7236427,1
7240554,1
7240554,1
7250766,1
7250766,1
7255892,1
7259691,1
7259691,1
7262666,1
7262666,1
7265597,1
7265125,1
7262486,1
7263239,1
7263887,1
7260561,1
7260561,1
7265576,1
7265576,1
7251800,1
7226466,1
7226466,1
7150905,1
7129391,1
7129391,1
7083567,1
7034098,1
7034098,1
6959724,1
6926528,1
6890820,1
6835811,1
6807149,1
6773273,1
6752510,1
6740682,1
6740682,1
6740682,1
6754600,1
6754600,1
6754600,1
6754600,1
6758828,1
6764050,1
6762305,1
6759653,1
6768883,1
6764604,1
6767360,1
6767360,1
6768821,1
6765901,1
6772418,1
6769234,1
6768737,1
6767323,1
6770030,1
6765989,1
6762906,1
6744446,1
6711446,1
6657365,1
6657365,1
6612046,1
6612046,1
6577827,1
6546086,1
6514762,1
6491649,1
6436713,1
6436713,1
6436713,1
6387619,1
6372047,1
6364611,1
6362798,1
6368478,1
6375863,1
6377321,1
6384026,1
6384026,1
6386975,1
6388954,1
6388722,1
6388722,1
6392895,1
6393257,1
6397825,1
6392649,1
6392649,1
6392279,1
6392279,1
6373144,1
6373144,1
6324187,1
6287618,1
6267885,1
6267885,1
6205736,1
6205736,1
6205736,1
6205736,1
6003599,1
5977330,1
5950447,1
5915828,1
5903471,1
5902682,1
5902682,1
5902682,1
5915942,1
5915942,1
5925199,1
5925199,1
5926074,1
5928768,1
5928768,1
5929661,1
5925367,1
5925367,1
5932852,1
5931267,1
5931267,1
5929899,1
5929899,1
5904789,1
5878092,1
5843928,1
5843928,1
5821167,1
5804265,1
5746542,1
5746542,1
5701652,1
5603486,1
5567515,1
5567515,1
5530638,1
5483233,1
5467220,1
5460547,1
5460547,1
5464938,1
5469664,1
5474119,1
5474119,1
5477045,1
5482256,1
5485427,1
5485427,1
5482310,1
5487137,1
5487681,1
5487951,1
5488144,1
5479925,1
5479925,1
5479413,1
5454946,1
5421534,1
5384731,1
5353207,1
5341810,1
5315365,1
5239950,1
5162928,1
5117971,1
5084893,1
5018056,1
4988939,1
4988939,1
5006591,1
5036004,1
5050315,1
5060660,1
5068213,1
5068068,1
5070708,1
5076718,1
5077267,1
5077247,1
5077247,1
5077247,1
5079084,1
5078170,1
5078170,1
5077585,1
5075828,1
5070715,1
5070715,1
5008157,1
4949558,1
4949558,1
4895516,1
4885194,1
4906224,1
4912570,1
4871634,1
4871634,1
4826653,1
4811701,1
4795837,1
4758307,1
4746264,1
4742695,1
4743012,1
4754736,1
4754736,1
4762648,1
4762648,1
4768714,1
4770422,1
4770422,1
4773033,1
4770499,1
4777596,1
4777596,1
4777142,1
4777142,1
4778497,1
4778497,1
4777352,1
4775555,1
4779953,1
4777444,1
4775209,1
4775209,1
4750037,1
4631247,1
4587162,1
4587162,1
4567139,1
4548173,1
4548173,1
4521676,1
4500084,1
4467674,1
4467674,1
4467674,1
4457087,1
4461158,1
4466769,1
4474932,1
4474873,1
4475043,1
4480028,1
4482783,1
4480802,1
4481924,1
4481924,1
4484280,1
4484280,1
4481390,1
4483579,1
4477618,1
4467317,1
4447107,1
4447107,1
4409303,1
4304772,1
4295158,1
4296324,1
4296324,1
4296324,1
4230092,1
4189625,1
4189625,1
4189625,1
4176996,1
4187327,1
4187327,1
4203768,1
4223014,1
4223014,1
4239897,1
4245168,1
4245168,1
4240619,1
4241470,1
4241470,1
4239196,1
4241612,1
4241612,1
4240315,1
4233542,1
4233542,1
4223259,1
4143294,1
4086594,1
4052713,1
4030383,1
4034073,1
4016371,1
3984544,1
3957747,1
3927108,1
3899798,1
3873108,1
3873108,1
3877341,1
3884759,1
3892376,1
3892376,1
3892376,1
3903476,1
3904274,1
3906818,1
3906818,1
3904173,1
3906371,1
3907472,1
3901631,1
3887709,1
3864462,1
3828815,1
3781169,1
3739832,1
3692725,1
3692725,1
3701634,1
3681627,1
3663899,1
3663899,1
3629851,1
3620107,1
3610414,1
3618421,1
3618421,1
3626313,1
3632540,1
3638513,1
3638513,1
3638513,1
3641871,1
3643511,1
3644203,1
3644203,1
3644203,1
3643807,1
3643807,1
3641325,1
3641325,1
3639604,1
3639604,1
3615274,1
3578159,1
3536849,1
3536849,1
3448307,1
3426035,1
3432558,1
3432558,1
3451488,1
3431654,1
3419744,1
3410914,1
3407733,1
3411212,1
3414950,1
3424806,1
3424806,1
3426658,1
3430216,1
3430216,1
3431334,1
3432166,1
3432166,1
3432166,1
3432166,1
3433248,1
3434571,1
3435382,1
3434251,1
3431574,1
3413708,1
3413708,1
3349091,1
3349091,1
3269916,1
3259955,1
3238936,1
3218729,1
3235503,1
3235503,1
3247804,1
3247804,1
3262959,1
3274379,1
3276769,1
3276769,1
3276769,1
3283980,1
3282430,1
3282252,1
3285452,1
3285452,1
3287647,1
3287647,1
3284996,1
3285040,1
3285040,1
3280308,1
3232832,1
3232832,1
3122069,1
3100517,1
3100517,1
3112038,1
3112038,1
3088813,1
3046370,1
3030297,1
3021646,1
3021646,1
3027455,1
3039662,1
3039662,1
3039662,1
3046933,1
3048030,1
3047701,1
3049978,1
3051686,1
3049620,1
3054103,1
3049826,1
3046216,1
3046216,1
3039902,1
2984400,1
2928656,1
2928656,1
2894696,1
2888664,1
2866406,1
2866406,1
2866406,1
2866406,1
2763471,1
2753959,1
2752716,1
2752716,1
2768165,1
2775760,1
2775760,1
2782056,1
2782056,1
2782056,1
2787159,1
2788022,1
2789083,1
2791027,1
2791027,1
2790776,1
2793004,1
2788470,1
2788470,1
2780274,1
2762067,1
2718872,1
2610390,1
2602885,1
2609876,1
2611349,1
2597583,1
2575645,1
2557964,1
2540868,1
2540868,1
2524254,1
2528703,1
2534391,1
2537375,1
2541956,1
2546695,1
2548728,1
2549719,1
2548376,1
2555346,1
2553898,1
2555356,1
2556914,1
2557657,1
2557657,1
2552695,1
2549247,1
2548979,1
2537605,1
2513537,1
2513537,1
2418624,1
2418624,1
2359504,1
2347518,1
2332780,1
2314124,1
2311019,1
2290946,1
2278137,1
2266719,1
2271505,1
2282245,1
2291022,1
2293661,1
2294469,1
2296172,1
2298262,1
2297895,1
2300189,1
2302272,1
2299968,1
2297308,1
2297308,1
2297401,1
2288428,1
2268543,1
2232134,1
2149963,1
2148795,1
2149309,1
2136009,1
2119648,1
2111523,1
2101730,1
2093418,1
2098364,1
2103981,1
2109898,1
2109898,1
2120011,1
2132789,1
2132789,1
2135623,1
2136374,1
2136374,1
2138930,1
2138681,1
2140355,1
2140936,1
2137630,1
2138681,1
2138681,1
2127312,1
2127312,1
2050735,1
1978736,1
1994039,1
1983074,1
1983074,1
1958418,1
1958589,1
1951378,1
1951374,1
1954721,1
1962947,1
1973430,1
1973430,1
1981413,1
1981413,1
1981950,1
1983273,1
1983273,1
1985693,1
1985693,1
1985237,1
1984823,1
1984823,1
1971904,1
1955370,1
1955370,1
1868867,1
1838093,1
1844482,1
1831374,1
1792430,1
1792579,1
1792579,1
1765432,1
1744779,1
1736472,1
1736472,1
1736472,1
1737633,1
1743202,1
1747687,1
1750302,1
1750302,1
1753519,1
1757713,1
1757713,1
1757713,1
1759542,1
1760979,1
1759902,1
1759902,1
1750688,1
1734958,1
1665129,1
1665129,1
1629212,1
1619025,1
1601321,1
1601321,1
1590750,1
1578140,1
1564839,1
1564839,1
1568419,1
1568419,1
1578024,1
1578024,1
1583552,1
1583424,1
1584346,1
1584930,1
1587109,1
1586004,1
1585394,1
1581006,1
1569813,1
1569813,1
1543218,1
1449466,1
1437858,1
1412318,1
1400715,1
1400715,1
1399774,1
1384791,1
1376178,1
1375382,1
1381176,1
1381176,1
1389546,1
1397672,1
1397672,1
1399598,1
1399598,1
1401816,1
1402267,1
1403407,1
1404162,1
1405121,1
1405121,1
1405418,1
1406088,1
1404283,1
1404550,1
1404487,1
1404487,1
1391768,1
1368901,1
1337324,1
1299789,1
1267936,1
1258908,1
1240716,1
1230967,1
1225329,1
1225329,1
1207746,1
1172626,1
1162509,1
1162509,1
1153161,1
1155032,1
1162677,1
1162677,1
1162713,1
1162231,1
1163434,1
1162093,1
1162228,1
1164510,1
1164510,1
1165335,1
1166351,1
1166351,1
1164361,1
1163627,1
1160761,1
1129411,1
1097314,1
1066141,1
1049975,1
1028257,1
1014732,1
1008887,1
990606,1
990606,1
979401,1
967535,1
967535,1
964969,1
964969,1
978200,1
978200,1
985179,1
986423,1
987232,1
987765,1
987765,1
987765,1
987765,1
990220,1
991411,1
992084,1
993129,1
992496,1
995502,1
994200,1
992583,1
992600,1
992184,1
992184,1
989140,1
975094,1
957846,1
921637,1
905108,1
892016,1
890636,1
893413,1
881895,1
874769,1
867263,1
867263,1
866644,1
858676,1
858676,1
856939,1
855559,1
855673,1
855673,1
863764,1
869966,1
872701,1
875568,1
875568,1
875568,1
871033,1
871033,1
862062,1
862062,1
848393,1
840872,1
840872,1
829422,1
827560,1
827560,1
824769,1
824769,1
809023,1
799095,1
791490,1
791490,1
781585,1
777484,1
768949,1
767719,1
767497,1
767497,1
769193,1
768891,1
768891,1
787899,1
781499,1
781499,1
752288,1
738269,1
738269,1
738269,1
738269,1
738269,1
738269,1
738269,1
738269,1
738269,1
738269,1
738269,1
738269,1
738269,1
738269,1
738269,1
738269,1
738269,1
738269,1
738269,1
738269,1
738269,1
738269,1
738269,1
738269,1
738269,1
642842,1
627888,1
621020,1
618228,1
606391,1
602437,1
602437,1
600975,1
603677,1
602981,1
603714,1
603831,1
602674,1
601546,1
601546,1
600123,1
601361,1
601361,1
601361,1
601361,1
595450,1
591334,1
586561,1
578733,1
581788,1
581788,1
586710,1
586710,1
576537,1
573125,1
573125,1
562669,1
554484,1
554484,1
550192,1
543096,1
542966,1
542966,1
542799,1
544715,1
547562,1
552728,1
555056,1
559693,1
562344,1
562344,1
562344,1
569483,1
571803,1
573028,1
573028,1
573028,1
574864,1
574864,1
575289,1
577195,1
579340,1
579180,1
579180,1
580543,1
583104,1
584461,1
583652,1
585125,1
585888,1
585797,1
585797,1
587638,1
586029,1
585579,1
585597,1
585749,1
582201,1
582201,1
558833,1
537649,1
511717,1
471576,1
472916,1
464186,1
464186,1
443224,1
435906,1
425819,1
417341,1
417303,1
428946,1
444830,1
450288,1
450288,1
423206,1
419527,1
419527,1
408436,1
406578,1
406578,1
402190,1
402190,1
402190,1
389989,1
386238,1
383976,1
387295,1
381377,1
382277,1
400951,1
397133,1
397133,1
397133,1
383586,1
378383,1
383039,1
378826,1
378826,1
377579,1
378472,1
378472,1
384990,1
390431,1
390431,1
392251,1
393690,1
396311,1
397873,1
399484,1
400476,1
402490,1
403275,1
403275,1
404194,1
404496,1
406322,1
406662,1
407127,1
408412,1
409077,1
409767,1
410404,1
410404,1
410985,1
411794,1
411794,1
413299,1
413145,1
413145,1
414753,1
414173,1
415205,1
415158,1
415158,1
414304,1
414304,1
412299,1
409968,1
407043,1
407043,1
398823,1
398823,1
394370,1
390784,1
388651,1
385448,1
381830,1
376934,1
371763,1
366794,1
367353,1
367353,1
366232,1
366232,1
376896,1
376896,1
371842,1
366598,1
366598,1
368038,1
376166,1
381720,1
379597,1
377055,1
375008,1
375008,1
371569,1
370228,1
370228,1
370228,1
370166,1
369785,1
369769,1
369640,1
369640,1
368687,1
367763,1
367763,1
367763,1
366499,1
366499,1
365848,1
366603,1
366603,1
365671,1
363777,1
362840,1
362840,1
361574,1
357347,1
354319,1
354319,1
355054,1
355054,1
361050,1
363423,1
364076,1
362431,1
361544,1
360038,1
357094,1
352758,1
349116,1
349116,1
346306,1
346306,1
346306,1
357671,1
356580,1
355904,1
356966,1
356135,1
353562,1
350487,1
346191,1
341030,1
341030,1
341030,1
340508,1
340508,1
339401,1
339401,1
338732,1
338546,1
339393,1
339534,1
338437,1
335694,1
333982,1
331350,1
331350,1
329023,1
329023,1
323766,1
321408,1
318849,1
318849,1
313821,1
314431,1
317968,1
319438,1
318185,1
316413,1
316413,1
314705,1
314705,1
312629,1
311531,1
313361,1
313361,1
315191,1
312895,1
311074,1
308229,1
306267,1
306267,1
305092,1
304886,1
305456,1
305456,1
303850,1
303962,1
303567,1
304185,1
304789,1
304644,1
303612,1
299955,1
298128,1
298341,1
299345,1
300330,1
299412,1
299514,1
299026,1
297677,1
297502,1
297743,1
297264,1
298024,1
298024,1
298641,1
298143,1
296610,1
293096,1
284210,1
280051,1
278565,1
278565,1
287303,1
289415,1
289415,1
288595,1
288098,1
287433,1
286113,1
285856,1
285856,1
285856,1
283885,1
284252,1
284184,1
284268,1
285937,1
285906,1
286647,1
287473,1
287473,1
288292,1
288483,1
287919,1
286694,1
283564,1
282148,1
280367,1
279460,1
279973,1
279973,1
279586,1
280358,1
280577,1
280761,1
281092,1
281092,1
281195,1
280589,1
280471,1
280325,1
280325,1
280325,1
281042,1
282499,1
282499,1
283246,1
283945,1
283945,1
285352,1
285352,1
286194,1
286194,1
285382,1
284738,1
284738,1
283935,1
283457,1
283906,1
283526,1
283388,1
283388,1
284039,1
284039,1
285092,1
286502,1
286502,1
287893,1
289031,1
289015,1
289015,1
290814,1
291354,1
292765,1
294059,1
294004,1
294062,1
294468,1
293767,1
294359,1
294359,1
294359,1
295091,1
295089,1
295613,1
296410,1
295796,1
295706,1
295706,1
295598,1
295708,1
294365,1
291392,1
285848,1
285848,1
260724,1
248020,1
248020,1
235650,1
235650,1
214245,1
214245,1
214245,1
210593,1
200735,1
195806,1
196019,1
198683,1
209964,1
230010,1
230010,1
227646,1
226873,1
227485,1
227863,1
227863,1
228302,1
231942,1
231942,1
237737,1
238728,1
238728,1
243514,1
248798,1
252967,1
252967,1
255708,1
255279,1
251803,1
250215,1
247276,1
247276,1
244113,1
239830,1
237866,1
235225,1
232657,1
229273,1
225322,1
221629,1
218371,1
216181,1
215106,1
216072,1
217028,1
217656,1
217603,1
217284,1
216360,1
216360,1
211997,1
211997,1
212208,1
210053,1
210053,1
210053,1
205358,1
204048,1
202520,1
199583,1
197183,1
197183,1
197183,1
201036,1
201774,1
201774,1
202118,1
201570,1
201570,1
200338,1
198143,1
196314,1
194536,1
194536,1
191354,1
191948,1
192554,1
193127,1
192463,1
192144,1
192144,1
192144,1
188960,1
188502,1
188264,1
189970,1
189970,1
190704,1
191640,1
193193,1
193193,1
194268,1
194268,1
194268,1
196638,1
196638,1
198906,1
199803,1
200692,1
201668,1
202297,1
203187,1
201943,1
201943,1
200442,1
199028,1
197460,1
196041,1
195142,1
194614,1
193775,1
191947,1
191947,1
191249,1
191004,1
191659,1
192349,1
193589,1
193589,1
197610,1
200574,1
202490,1
203623,1
204797,1
206559,1
207953,1
210348,1
212240,1
213401,1
213401,1
213905,1
213809,1
214587,1
214587,1
213711,1
212505,1
211443,1
209941,1
208161,1
206098,1
205584,1
205533,1
205533,1
206742,1
206742,1
207225,1
208320,1
209792,1
210175,1
210735,1
210759,1
210719,1
211257,1
212307,1
213048,1
213048,1
213948,1
214123,1
214543,1
216105,1
217245,1
217582,1
217582,1
217582,1
217624,1
218441,1
219175,1
220101,1
220586,1
221009,1
220952,1
220952,1
220952,1
218031,1
215896,1
214020,1
211537,1
210634,1
210789,1
210852,1
211274,1
210952,1
210890,1
210999,1
210654,1
210654,1
210011,1
210126,1
210190,1
210628,1
211116,1
210024,1
210222,1
210222,1
210903,1
211465,1
212675,1
214333,1
214846,1
215633,1
215633,1
215741,1
216621,1
217521,1
218025,1
218843,1
219580,1
219580,1
220410,1
220753,1
221061,1
222206,1
222206,1
222741,1
223385,1
223772,1
224070,1
224920,1
225925,1
226447,1
227368,1
227874,1
228338,1
229002,1
229002,1
230435,1
230730,1
231231,1
231909,1
231909,1
233048,1
234677,1
234815,1
234815,1
235411,1
235667,1
235667,1
236062,1
236062,1
236288,1
236407,1
236407,1
237110,1
237329,1
237329,1
237604,1
237604,1
238529,1
238529,1
238812,1
238865,1
238700,1
238460,1
238113,1
237803,1
237803,1
237803,1
235955,1
235955,1
233566,1
233566,1
230316,1
226540,1
222211,1
219596,1
219596,1
215895,1
207308,1
204009,1
199580,1
197745,1
195983,1
194395,1
194395,1
194395,1
206295,1
213401,1
212770,1
212178,1
212338,1
209995,1
207412,1
207412,1
205923,1
205923,1
203569,1
201420,1
201420,1
197821,1
198332,1
198332,1
198332,1
199786,1
199786,1
199137,1
198969,1
198584,1
198584,1
198584,1
198635,1
198635,1
198713,1
198068,1
198065,1
197596,1
197596,1
197596,1
197109,1
195089,1
194231,1
193993,1
194193,1
194448,1
194968,1
195007,1
195231,1
195042,1
195266,1
196326,1
196326,1
196383,1
196685,1
196685,1
197140,1
197544,1
198010,1
198010,1
197922,1
198236,1
198236,1
197536,1
197074,1
196023,1
196453,1
195955,1
196109,1
196050,1
195646,1
195565,1
195723,1
195250,1
194646,1
194575,1
194575,1
194782,1
194683,1
195126,1
195493,1
195493,1
195041,1
195414,1
195884,1
195579,1
195866,1
195866,1
196078,1
196078,1
196619,1
196281,1
196281,1
196281,1
196796,1
196840,1
197265,1
196865,1
196865,1
195977,1
195638,1
195480,1
195158,1
195027,1
195121,1
194384,1
193619,1
193266,1
193266,1
191644,1
191078,1
191078,1
188146,1
184145,1
180518,1
177101,1
174070,1
172622,1
171270,1
172355,1
175032,1
175032,1
182549,1
182859,1
182624,1
182477,1
182419,1
183010,1
182944,1
182931,1
182994,1
183229,1
183035,1
182436,1
182436,1
182436,1
179884,1
178843,1
178169,1
178077,1
177705,1
178352,1
178286,1
178619,1
179374,1
179827,1
180405,1
180700,1
180700,1
182014,1
182014,1
182567,1
183189,1
183400,1
183400,1
184289,1
184289,1
185005,1
185060,1
184954,1
185567,1
185327,1
185327,1
185969,1
185969,1
186104,1
186104,1
186450,1
186444,1
186576,1
186312,1
184136,1
182800,1
182013,1
181646,1
181049,1
181135,1
180927,1
180068,1
180043,1
179757,1
179986,1
180031,1
179684,1
180483,1
180004,1
179241,1
178726,1
177697,1
177085,1
176518,1
176533,1
176325,1
176256,1
176256,1
175491,1
174855,1
174855,1
174230,1
174230,1
174230,1
174230,1
173295,1
173481,1
173396,1
173997,1
174156,1
174156,1
174156,1
173970,1
173819,1
173769,1
173081,1
173081,1
173648,1
173554,1
173221,1
172783,1
171446,1
170235,1
169037,1
168684,1
168485,1
168382,1
169003,1
169271,1
168416,1
167583,1
165732,1
161244,1
161244,1
159597,1
159597,1
155457,1
154981,1
154878,1
156326,1
158898,1
158898,1
161260,1
161260,1
162259,1
162937,1
164154,1
165087,1
165087,1
166315,1
166533,1
166533,1
167179,1
167884,1
168151,1
168293,1
168421,1
168421,1
168506,1
169143,1
169143,1
169374,1
169847,1
169847,1
170215,1
171124,1
171124,1
171259,1
171259,1
171259,1
171942,1
172529,1
172529,1
173464,1
173568,1
173115,1
173470,1
173470,1
173880,1
174166,1
174656,1
174656,1
174857,1
174865,1
174984,1
175435,1
175669,1
175653,1
176457,1
176457,1
177033,1
177040,1
177040,1
177379,1
177379,1
177370,1
177370,1
177588,1
177967,1
178051,1
178486,1
178486,1
178756,1
178626,1
179395,1
179557,1
179576,1
179829,1
179822,1
180032,1
180260,1
180260,1
179668,1
179668,1
179668,1
178423,1
178423,1
178618,1
179214,1
179151,1
179151,1
178648,1
178306,1
177399,1
177172,1
176762,1
176766,1
176546,1
176374,1
176374,1
176374,1
175887,1
175591,1
174888,1
174079,1
174079,1
172356,1
172356,1
171788,1
170367,1
167322,1
165031,1
162897,1
160534,1
157635,1
152278,1
144259,1
144259,1
140612,1
138982,1
138982,1
159923,1
159505,1
157961,1
158093,1
158093,1
158133,1
158133,1
158777,1
158470,1
158470,1
158235,1
158235,1
158705,1
158705,1
159825,1
159825,1
159825,1
160360,1
160684,1
161646,1
161671,1
162582,1
162582,1
162523,1
162523,1
163066,1
163066,1
163066,1
161817,1
161817,1
162035,1
162298,1
162692,1
163178,1
162974,1
162772,1
163161,1
163679,1
163547,1
163547,1
163726,1
163817,1
163933,1
164140,1
164140,1
165122,1
164848,1
164670,1
164395,1
164395,1
165035,1
165725,1
166255,1
165491,1
165491,1
166456,1
166361,1
166932,1
166907,1
166491,1
166491,1
166109,1
165529,1
165445,1
165445,1
164766,1
163005,1
163005,1
157470,1
157470,1
157470,1
147386,1
143240,1
142807,1
143181,1
143142,1
143512,1
144411,1
145098,1
145754,1
146221,1
146966,1
146966,1
148361,1
149639,1
150746,1
150846,1
151165,1
151489,1
151290,1
150577,1
150043,1
147568,1
147034,1
146387,1
146387,1
146387,1
146316,1
145998,1
145774,1
145341,1
146137,1
146137,1
146279,1
146859,1
148026,1
148026,1
148588,1
149127,1
149333,1
149333,1
150515,1
150474,1
150596,1
150596,1
150971,1
150879,1
151919,1
152217,1
152326,1
152135,1
152135,1
151381,1
150958,1
151021,1
150606,1
150202,1
150576,1
150912,1
151211,1
151211,1
152337,1
152183,1
152183,1
152527,1
152886,1
152725,1
153414,1
153520,1
153361,1
154598,1
154537,1
154537,1
155667,1
156161,1
156673,1
156891,1
157582,1
157692,1
158131,1
158310,1
158144,1
158813,1
158885,1
159752,1
159752,1
160530,1
160993,1
160909,1
161599,1
161662,1
161944,1
162211,1
161273,1
161312,1
161864,1
162140,1
162292,1
161831,1
161831,1
162481,1
162772,1
163584,1
164191,1
163564,1
163564,1
164411,1
164479,1
166199,1
166295,1
166599,1
166376,1
166461,1
166461,1
166501,1
166176,1
164701,1
164701,1
153181,1
153181,1
131760,1
117348,1
117348,1
111601,1
102261,1
94969,1
94969,1
94773,1
92979,1
81291,1
73231,1
69582,1
69582,1
66039,1
68688,1
71310,1
71310,1
76746,1
79635,1
84339,1
92174,1
92174,1
122686,1
125000,1
123926,1
125224,1
125159,1
124913,1
125288,1
125658,1
125936,1
127685,1
130127,1
129607,1
129044,1
129044,1
135100,1
135100,1
141109,1
141109,1
142066,1
142841,1
143141,1
143908,1
143908,1
143940,1
144157,1
144157,1
144157,1
144793,1
145152,1
145643,1
145530,1
146720,1
146521,1
146521,1
147241,1
147521,1
147313,1
148213,1
148706,1
149084,1
149084,1
149084,1
150687,1
150687,1
150670,1
150670,1
151448,1
150962,1
150962,1
150962,1
152305,1
152305,1
154097,1
154495,1
155543,1
155917,1
156560,1
156700,1
157636,1
157636,1
158187,1
158922,1
158948,1
159540,1
160106,1
160106,1
159938,1
160663,1
160435,1
159967,1
159967,1
160816,1
160897,1
161750,1
161942,1
161942,1
162490,1
162490,1
162490,1
162952,1
163399,1
163956,1
163956,1
164311,1
164311,1
165004,1
165004,1
165004,1
165702,1
165662,1
166390,1
166195,1
166405,1
166871,1
167335,1
167607,1
167242,1
167242,1
167957,1
167285,1
167285,1
168001,1
167989,1
167989,1
168018,1
168011,1
168479,1
168854,1
169131,1
169479,1
169218,1
169218,1
169952,1
169952,1
169821,1
170865,1
170865,1
170600,1
171330,1
171127,1
171233,1
171661,1
171851,1
171703,1
171712,1
172382,1
172545,1
172545,1
172722,1
172992,1
172848,1
173065,1
173275,1
172764,1
173542,1
174245,1
174034,1
174034,1
174479,1
174349,1
174336,1
174336,1
175103,1
175103,1
175103,1
175826,1
175817,1
175897,1
175210,1
175210,1
175270,1
174724,1
174109,1
173974,1
173974,1
173039,1
173188,1
172663,1
172582,1
172706,1
172494,1
171962,1
171373,1
170841,1
170207,1
170207,1
168777,1
168693,1
168693,1
165871,1
165287,1
164425,1
163553,1
162973,1
163246,1
163246,1
162380,1
161424,1
161424,1
160391,1
160391,1
160021,1
160509,1
160243,1
160169,1
160169,1
159668,1
159163,1
159163,1
159163,1
158501,1
158362,1
157831,1
157805,1
157805,1
157430,1
157425,1
156743,1
156459,1
156241,1
155841,1
155841,1
154667,1
154667,1
154667,1
153147,1
153383,1
153695,1
153326,1
153326,1
153475,1
152900,1
152900,1
152966,1
152656,1
151983,1
151442,1
150855,1
150372,1
150306,1
150233,1
150234,1
149287,1
149287,1
149287,1
148553,1
147434,1
146810,1
147218,1
146462,1
146462,1
146462,1
141930,1
139520,1
139520,1
132740,1
132740,1
131433,1
131433,1
129214,1
129214,1
126124,1
126124,1
124077,1
124077,1
124577,1
125215,1
125716,1
125483,1
125483,1
126942,1
126942,1
127219,1
127219,1
127562,1
128079,1
128079,1
128346,1
127857,1
128100,1
128434,1
128949,1
130166,1
130166,1
130166,1
130166,1
131933,1
132862,1
133255,1
133255,1
133255,1
134778,1
134870,1
135286,1
135286,1
136065,1
136065,1
136993,1
137043,1
137043,1
137438,1
137438,1
137438,1
138642,1
139247,1
139247,1
139526,1
139526,1
139526,1
139526,1
139526,1
142135,1
141811,1
142017,1
142265,1
142075,1
142324,1
143390,1
142989,1
142989,1
143811,1
143811,1
144814,1
144835,1
144948,1
144716,1
144716,1
144780,1
145020,1
145882,1
145483,1
146070,1
146616,1
146616,1
146644,1
147478,1
147478,1
147413,1
147413,1
147936,1
147936,1
148875,1
148875,1
148768,1
149112,1
149112,1
149112,1
149112,1
149042,1
149285,1
149285,1
149285,1
149285,1
149691,1
149807,1
149807,1
149975,1
148297,1
148297,1
148297,1
139057,1
134835,1
127945,1
124781,1
120719,1
116899,1
112452,1
112452,1
104832,1
103122,1
103280,1
95633,1
92523,1
89851,1
88445,1
87359,1
87000,1
87653,1
87943,1
88265,1
87782,1
87782,1
85508,1
83820,1
83820,1
83820,1
89697,1
99811,1
110645,1
112351,1
112233,1
110589,1
110589,1
110026,1
110026,1
110026,1
110764,1
110633,1
111123,1
111123,1
111537,1
110827,1
111710,1
112625,1
112966,1
113369,1
112964,1
113092,1
113401,1
113572,1
114932,1
114932,1
114979,1
115262,1
114975,1
114812,1
114812,1
114812,1
115914,1
116747,1
116960,1
117460,1
117460,1
117460,1
117720,1
118437,1
118719,1
119702,1
119702,1
119745,1
120737,1
120922,1
121720,1
121720,1
121779,1
122406,1
122241,1
122928,1
122928,1
123503,1
123970,1
123894,1
124176,1
124176,1
124486,1
124887,1
124887,1
125390,1
125352,1
125916,1
125916,1
125916,1
126349,1
126920,1
126321,1
126321,1
127248,1
127978,1
127833,1
127689,1
127896,1
127896,1
127896,1
127380,1
127380,1
127775,1
127680,1
127393,1
127001,1
125994,1
125102,1
124842,1
124842,1
123050,1
123050,1
121469,1
121469,1
110704,1
101490,1
101490,1
93801,1
87919,1
87919,1
87919,1
83660,1
82909,1
82909,1
81149,1
80908,1
79750,1
78883,1
78883,1
78883,1
77654,1
77581,1
77658,1
78224,1
79047,1
79047,1
80356,1
81352,1
81416,1
81663,1
83213,1
83317,1
83818,1
84461,1
84907,1
84907,1
86005,1
86641,1
87453,1
87421,1
87421,1
87421,1
88393,1
88861,1
89505,1
89816,1
89816,1
91462,1
91462,1
91528,1
92071,1
92071,1
93151,1
93710,1
93710,1
94042,1
94042,1
94326,1
94711,1
94711,1
96326,1
96326,1
96837,1
97434,1
97200,1
97732,1
98558,1
98724,1
99052,1
99359,1
99649,1
99649,1
100340,1
100660,1
101017,1
101258,1
101417,1
101593,1
102107,1
102696,1
102659,1
102659,1
103728,1
103295,1
103610,1
103996,1
104077,1
104077,1
104915,1
104805,1
105462,1
106081,1
105897,1
106347,1
106425,1
106896,1
107076,1
107076,1
107691,1
107691,1
107691,1
107691,1
108231,1
108344,1
108344,1
108344,1
109712,1
109090,1
109481,1
109961,1
109961,1
110423,1
110629,1
110629,1
110997,1
111225,1
111225,1
111405,1
112076,1
111775,1
111775,1
112536,1
112641,1
112656,1
113619,1
113763,1
113763,1
114023,1
114023,1
113846,1
113846,1
113846,1
114839,1
115661,1
115067,1
114897,1
115791,1
115791,1
115791,1
116028,1
116295,1
115540,1
115204,1
113958,1
113126,1
113126,1
109880,1
109880,1
107725,1
107116,1
107116,1
104551,1
103466,1
101304,1
97765,1
96518,1
95491,1
94486,1
94486,1
91968,1
91968,1
89842,1
89842,1
89842,1
88814,1
89240,1
87859,1
86246,1
86171,1
86171,1
84312,1
84709,1
84709,1
85440,1
85857,1
86058,1
86808,1
86808,1
87358,1
87749,1
87749,1
88772,1
88760,1
88760,1
89253,1
89991,1
89322,1
89276,1
90163,1
89686,1
89863,1
89863,1
89391,1
89659,1
90118,1
90329,1
90738,1
90738,1
91099,1
90933,1
91663,1
91663,1
92395,1
92799,1
92483,1
92502,1
93291,1
92923,1
93319,1
93435,1
92912,1
92912,1
93237,1
91846,1
92027,1
92027,1
92027,1
91614,1
91323,1
91323,1
90212,1
88702,1
88145,1
88145,1
88145,1
87600,1
87552,1
88140,1
87614,1
87635,1
87785,1
87213,1
87312,1
87561,1
87568,1
87994,1
88279,1
88279,1
88339,1
88281,1
88182,1
88740,1
88963,1
88767,1
89333,1
89548,1
89548,1
90019,1
90694,1
90681,1
90543,1
91085,1
91120,1
91576,1
91576,1
91476,1
91880,1
92217,1
92709,1
93007,1
92973,1
92973,1
93717,1
94348,1
94348,1
93891,1
94198,1
94198,1
94872,1
94872,1
95171,1
95226,1
95401,1
95864,1
95688,1
95688,1
96576,1
96670,1
96932,1
97047,1
97264,1
98229,1
98229,1
98279,1
98279,1
98279,1
98816,1
98816,1
98876,1
98876,1
99198,1
99402,1
99614,1
99614,1
99614,1
99160,1
99293,1
99293,1
98019,1
97149,1
96914,1
96914,1
96030,1
96030,1
95492,1
95492,1
93926,1
93714,1
93485,1
93485,1
93123,1
93172,1
92794,1
92802,1
92802,1
92802,1
93172,1
93022,1
93857,1
92926,1
93006,1
92799,1
92799,1
92365,1
92532,1
92608,1
92608,1
92841,1
92491,1
92491,1
92803,1
92843,1
93096,1
92953,1
93168,1
93312,1
93338,1
93338,1
94026,1
93659,1
93659,1
94002,1
94378,1
94885,1
94885,1
94932,1
94982,1
94982,1
94982,1
95120,1
95519,1
95868,1
96396,1
96396,1
95297,1
95297,1
93708,1
93708,1
92169,1
91844,1
91844,1
91367,1
91347,1
90836,1
90836,1
90852,1
90852,1
90578,1
91445,1
91291,1
90947,1
91226,1
91059,1
91059,1
91059,1
91059,1
91059,1
91059,1
91563,1
90989,1
90833,1
90833,1
90270,1
90270,1
90272,1
90272,1
90873,1
91449,1
91449,1
91431,1
92250,1
92250,1
92203,1
92203,1
92203,1
93862,1
94109,1
94109,1
94165,1
94231,1
94596,1
95141,1
95428,1
95738,1
95738,1
96341,1
96341,1
97524,1
97756,1
98473,1
98473,1
98316,1
98316,1
99348,1
98779,1
98779,1
98779,1
99339,1
99339,1
99661,1
99661,1
99650,1
100018,1
100018,1
100200,1
100332,1
100804,1
101076,1
101081,1
101255,1
101439,1
101487,1
101528,1
101528,1
102220,1
102050,1
102606,1
102484,1
103082,1
103082,1
103082,1
103389,1
103317,1
103982,1
103856,1
103856,1
104949,1
104949,1
104471,1
105009,1
104937,1
104922,1
105220,1
105516,1
105461,1
105479,1
105814,1
105892,1
105966,1
106292,1
106520,1
106604,1
106723,1
106991,1
106991,1
106932,1
107621,1
107621,1
107691,1
108322,1
108322,1
108062,1
108062,1
108868,1
108868,1
108758,1
108916,1
108979,1
108979,1
109325,1
109690,1
109695,1
109680,1
109680,1
109680,1
110060,1
110556,1
110152,1
109935,1
109820,1
109761,1
110062,1
110062,1
110300,1
110067,1
110405,1
110405,1
110193,1
111685,1
111617,1
111688,1
111715,1
111715,1
111715,1
110080,1
108617,1
103779,1
103779,1
95540,1
90848,1
85661,1
74051,1
74051,1
77490,1
73479,1
67877,1
63598,1
55789,1
52761,1
51074,1
49911,1
48991,1
48991,1
48288,1
47777,1
48043,1
48043,1
47463,1
47355,1
46976,1
46942,1
46942,1
47354,1
47889,1
48273,1
48273,1
49774,1
50099,1
50088,1
50088,1
50823,1
51448,1
51448,1
51992,1
52932,1
53616,1
55313,1
58253,1
60064,1
60150,1
60419,1
61730,1
61758,1
62436,1
62436,1
63235,1
63654,1
65826,1
85930,1
85930,1
87393,1
86333,1
86019,1
86293,1
86244,1
86244,1
86365,1
86100,1
86100,1
86127,1
86248,1
86248,1
86564,1
85845,1
86297,1
86664,1
86506,1
86957,1
86957,1
87371,1
87157,1
87172,1
87172,1
87728,1
88110,1
88525,1
88582,1
89011,1
89011,1
89055,1
89055,1
90089,1
90089,1
90089,1
90678,1
90539,1
90599,1
91035,1
90858,1
90924,1
90924,1
90981,1
91591,1
91344,1
91578,1
91578,1
92327,1
92379,1
92464,1
92464,1
92607,1
92607,1
93562,1
93562,1
93382,1
93475,1
93748,1
94039,1
94039,1
94039,1
94616,1
94529,1
94859,1
95234,1
95318,1
96116,1
96116,1
95870,1
95918,1
95858,1
95858,1
96204,1
96699,1
95976,1
97322,1
97322,1
97647,1
97203,1
98219,1
98298,1
98148,1
98288,1
99027,1
99027,1
99027,1
99477,1
99477,1
99063,1
99809,1
99541,1
99632,1
99591,1
99390,1
99758,1
100589,1
100589,1
100589,1
100521,1
100521,1
100111,1
100151,1
100285,1
101160,1
101447,1
101447,1
101620,1
101620,1
102428,1
101963,1
101980,1
102557,1
102557,1
102877,1
102877,1
102440,1
103499,1
103789,1
103789,1
103625,1
103347,1
103347,1
104113,1
103736,1
104570,1
104915,1
104702,1
104498,1
105141,1
104171,1
105249,1
105249,1
104763,1
105629,1
105164,1
104804,1
105306,1
105404,1
105404,1
105144,1
105634,1
105701,1
106189,1
105650,1
105650,1
106247,1
105626,1
106603,1
106378,1
106221,1
106298,1
106298,1
105532,1
105103,1
105530,1
104786,1
104602,1
103669,1
103299,1
103299,1
101326,1
101326,1
100267,1
100267,1
100267,1
97624,1
96571,1
95060,1
93779,1
89088,1
86158,1
86158,1
81167,1
81167,1
78331,1
76184,1
76184,1
76184,1
65902,1
65404,1
65139,1
65139,1
65953,1
65330,1
65491,1
65414,1
65157,1
64856,1
65364,1
65363,1
65307,1
66023,1
65967,1
66017,1
67002,1
67333,1
67711,1
68531,1
68454,1
68454,1
68940,1
68940,1
68940,1
70289,1
70307,1
70441,1
70560,1
70792,1
70749,1
70036,1
69901,1
69901,1
70821,1
70821,1
71264,1
72244,1
72244,1
72245,1
72674,1
72738,1
73006,1
73006,1
73006,1
74581,1
74281,1
74863,1
74721,1
74650,1
75160,1
75109,1
75117,1
75527,1
75873,1
76235,1
76745,1
77092,1
77932,1
77978,1
77997,1
78478,1
78728,1
78831,1
78627,1
78627,1
78627,1
79462,1
79519,1
79717,1
80085,1
80085,1
79965,1
80476,1
81051,1
81027,1
81189,1
81189,1
81189,1
81189,1
81915,1
81172,1
81888,1
82113,1
82449,1
82659,1
82659,1
82952,1
82952,1
83531,1
83747,1
83747,1
83568,1
83867,1
84146,1
84146,1
84146,1
84792,1
84959,1
85136,1
85269,1
85286,1
85542,1
85788,1
85788,1
86705,1
86023,1
86285,1
86864,1
86864,1
86808,1
87350,1
87358,1
87358,1
87358,1
87331,1
87331,1
87776,1
87895,1
87895,1
88590,1
88219,1
88367,1
88905,1
88905,1
88905,1
89370,1
89370,1
89904,1
90021,1
89872,1
89872,1
90179,1
90052,1
90595,1
90595,1
90595,1
90621,1
90905,1
89751,1
89213,1
85275,1
81521,1
79392,1
77180,1
77180,1
69830,1
67609,1
65888,1
63853,1
62491,1
61258,1
61258,1
61258,1
58911,1
58088,1
57798,1
57789,1
57789,1
57789,1
57789,1
57789,1
60600,1
62185,1
62054,1
61723,1
62018,1
62048,1
62254,1
62094,1
61776,1
61776,1
61208,1
61293,1
61293,1
60905,1
61578,1
61695,1
61695,1
61980,1
62333,1
62128,1
62421,1
62861,1
62626,1
63160,1
63726,1
63726,1
64190,1
64142,1
64143,1
65030,1
65053,1
65427,1
65384,1
65384,1
65814,1
66209,1
66232,1
66232,1
66307,1
66812,1
67454,1
67146,1
66683,1
66171,1
62983,1
62983,1
60524,1
59026,1
59026,1
56367,1
56367,1
56367,1
47076,1
47076,1
42886,1
43507,1
46156,1
45812,1
45812,1
44615,1
44204,1
43678,1
43678,1
44805,1
45372,1
45372,1
45997,1
46522,1
46257,1
46243,1
46457,1
46075,1
47196,1
47196,1
47196,1
47196,1
47344,1
48256,1
48256,1
49038,1
48835,1
48835,1
49551,1
49551,1
49915,1
50913,1
50914,1
50914,1
51741,1
51825,1
51704,1
52461,1
52271,1
52271,1
52475,1
52475,1
53867,1
53605,1
53605,1
53058,1
53058,1
52899,1
53130,1
53130,1
53336,1
53083,1
53364,1
53389,1
53251,1
54240,1
54371,1
54331,1
54769,1
54995,1
55550,1
55563,1
58155,1
58155,1
58155,1
61805,1
62200,1
62200,1
62920,1
62920,1
63409,1
63506,1
63324,1
63510,1
63510,1
64224,1
63996,1
63996,1
64782,1
64889,1
64638,1
65447,1
65425,1
65368,1
65486,1
65470,1
65470,1
66410,1
66632,1
66727,1
67335,1
67258,1
67104,1
67719,1
67911,1
67911,1
68513,1
68512,1
69253,1
69347,1
68523,1
68829,1
68829,1
68666,1
69184,1
69910,1
69417,1
69900,1
69900,1
69837,1
70130,1
70130,1
70769,1
70769,1
70947,1
71051,1
71047,1
71594,1
71770,1
72048,1
72048,1
71928,1
71928,1
72358,1
72074,1
72074,1
72689,1
73040,1
73040,1
73040,1
73311,1
73757,1
73667,1
74013,1
73825,1
73749,1
73749,1
73680,1
74017,1
74112,1
74356,1
74386,1
74949,1
75206,1
75206,1
74963,1
75999,1
75999,1
75828,1
76380,1
76380,1
76380,1
73720,1
70772,1
67237,1
67237,1
67237,1
67237,1
47785,1
47785,1
41346,1
30037,1
30037,1
171,0
171,0
171,0
-112,0
478,0
34,0
184,0
289,0
218,0
140,0
364,0
120,0
120,0
11,0
11,0
788,0
693,0
693,0
21190,1
21435,1
21571,1
21602,1
21602,1
22405,1
22405,1
22946,1
23275,1
23917,1
23917,1
23803,1
23717,1
24386,1
24386,1
24863,1
25320,1
25320,1
25437,1
25790,1
26402,1
26402,1
26865,1
27458,1
27335,1
27335,1
28691,1
28691,1
28436,1
28978,1
28982,1
29263,1
29704,1
29828,1
30266,1
30362,1
30356,1
30783,1
30783,1
30783,1
31843,1
31940,1
31848,1
32177,1
32186,1
32186,1
32746,1
32826,1
33212,1
33174,1
33391,1
33391,1
33391,1
34080,1
34080,1
34556,1
34205,1
34503,1
35017,1
35131,1
34944,1
35662,1
35662,1
35949,1
35949,1
36148,1
35737,1
35882,1
36411,1
36599,1
36706,1
36702,1
36702,1
37259,1
37548,1
37638,1
37586,1
37747,1
38198,1
38198,1
39149,1
39149,1
39106,1
39456,1
39142,1
39505,1
40216,1
40078,1
39779,1
39779,1
38303,1
33465,1
33465,1
28263,1
7,0
21,0
21,0
-17,0
-17,0
657,0
108,0
108,0
323,0
131,0
-54,0
-54,0
533,0
533,0
236,0
415,0
174,0
68,0
68,0
428,0
428,0
166,0
166,0
387,0
383,0
383,0
279,0
481,0
277,0
126,0
335,0
335,0
18,0
18,0
648,0
212,0
212,0
151,0
151,0
176,0
366,0
439,0
135,0
45,0
219,0
219,0
3,0
443,0
443,0
443,0
212,0
242,0
248,0
270,0
232,0
480,0
175,0
175,0
168,0
224,0
55,0
371,0
595,0
-11,0
-11,0
263,0
212,0
414,0
414,0
319,0
300,0
91,0
197,0
126,0
107,0
107,0
185,0
169,0
169,0
112,0
112,0
190,0
190,0
238,0
292,0
104,0
104,0
325,0
288,0
288,0
176,0
215,0
215,0
215,0
27,0
27,0
275,0
275,0
306,0
306,0
320,0
320,0
150,0
88,0
88,0
88,0
460,0
460,0
260,0
352,0
221,0
126,0
-13,0
45,0
45,0
205,0
-26,0
-26,0
-26,0
89,0
-198,0
25,0
154,0
-94,0
117,0
13,0
-100,0
253,0
402,0
402,0
67,0
67,0
229,0
229,0
-107,0
578,0
302,0
230,0
230,0
195,0
195,0
32,0
32,0
294,0
79,0
320,0
-118,0
-74,0
386,0
108,0
-244,0
174,0
253,0
131,0
-177,0
-177,0
230,0
-159,0
-88,0
-88,0
-88,0
78,0
280,0
307,0
126,0
73,0
-112,0
-64,0
241,0
400,0
8,0
8,0
-104,0
-103,0
-103,0
340,0
441,0
-68,0
-68,0
164,0
174,0
401,0
-171,0
69,0
223,0
223,0
353,0
169,0
169,0
169,0
-38,0
-38,0
-38,0
318,0
30,0
-137,0
219,0
219,0
-128,0
333,0
285,0
285,0
-63,0
-63,0
-181,0
-181,0
178,0
427,0
94,0
43,0
-60,0
152,0
152,0
-303,0
-303,0
352,0
225,0
-108,0
86,0
38,0
-30,0
-233,0
-233,0
442,0
301,0
21,0
126,0
-105,0
-338,0
364,0
37,0
37,0
-6,0
21,0
4,0
126,0
217,0
217,0
-52,0
42,0
152,0
-157,0
-157,0
-157,0
460,0
-180,0
-155,0
-6,0
-74,0
-108,0
287,0
120,0
-102,0
-85,0
-162,0
-162,0
-162,0
12,0
248,0
14,0
14,0
-70,0
-70,0
-84,0
305,0
-345,0
-119,0
-119,0
-244,0
91,0
207,0
255,0
-20,0
-20,0
22,0
22,0
22,0
-194,0
141,0
-211,0
-211,0
4,0
-92,0
-229,0
41,0
278,0
-83,0
-83,0
-135,0
-261,0
191,0
-69,0
-69,0
-27,0
-27,0
-293,0
-293,0
-293,0
-215,0
-108,0
-108,0
-108,0
-154,0
-154,0
123,0
32,0
32,0
51,0
-187,0
-187,0
283,0
103,0
103,0
-227,0
-46,0
-46,0
-46,0
-279,0
34,0
73,0
-66,0
-66,0
-19,0
-19,0
-191,0
-398,0
319,0
-307,0
-136,0
-75,0
-165,0
-114,0
198,0
3,0
-85,0
-126,0
-234,0
-234,0
-110,0
-10,0
-10,0
-151,0
-168,0
-168,0
-26,0
129,0
-429,0
-216,0
-216,0
-82,0
-82,0
-82,0
0,0
0,0
-209,0
-161,0
-291,0
-291,0
-319,0
-226,0
-94,0
-291,0
-175,0
-175,0
-468,0
71,0
44,0
-425,0
-425,0
-425,0
-196,0
-448,0
-339,0
-17,0
-149,0
-149,0
-332,0
-223,0
-354,0
-181,0
-181,0
-342,0
-367,0
-226,0
-226,0
-416,0
-207,0
73,0
-415,0
-198,0
-198,0
-273,0
-273,0
-29,0
42,0
42,0
-358,0
-518,0
-315,0
-101,0
-101,0
58,0
-192,0
-192,0
-192,0
-262,0
-298,0
-335,0
-335,0
-73,0
-132,0
-379,0
-287,0
-176,0
-176,0
-15,0
-15,0
-249,0
-249,0
-124,0
-124,0
-388,0
30,0
-69,0
-405,0
-313,0
-313,0
-281,0
-357,0
-357,0
109,0
-356,0
-179,0
-104,0
-216,0
-216,0
-545,0
-134,0
-134,0
-289,0
-289,0
-324,0
-324,0
-532,0
-532,0
210,0
210,0
-208,0
-234,0
-130,0
-241,0
-469,0
-468,0
-139,0
-139,0
-192,0
-350,0
-173,0
-261,0
-261,0
-162,0
89,0
89,0
-453,0
-428,0
-428,0
-532,0
-188,0
-188,0
-412,0
-455,0
-333,0
-333,0
-333,0
-27,0
-27,0
-47,0
-566,0
-566,0
-536,0
-670,0
-235,0
-93,0
-552,0
-481,0
-446,0
-441,0
-472,0
-472,0
-283,0
-155,0
-529,0
-529,0
-433,0
-522,0
-522,0
-522,0
-561,0
-561,0
-398,0
-376,0
-469,0
-219,0
30,0
-318,0
-324,0
-324,0
-467,0
-602,0
-93,0
-144,0
-144,0
-506,0
-357,0
-409,0
-689,0
-250,0
-413,0
-413,0
-437,0
-437,0
-464,0
-421,0
-421,0
-147,0
-409,0
-304,0
-304,0
-304,0
-422,0
-603,0
-467,0
-467,0
-176,0
-638,0
-550,0
-504,0
-504,0
-537,0
-154,0
-604,0
-473,0
-574,0
-574,0
-725,0
-251,0
-92,0
-493,0
-493,0
-493,0
-579,0
-559,0
-137,0
-661,0
-456,0
-456,0
-456,0
-537,0
-21,0
-317,0
-683,0
-633,0
-529,0
-529,0
-205,0
-205,0
-205,0
-461,0
-575,0
-825,0
-501,0
-86,0
-594,0
-389,0
-389,0
-454,0
-454,0
-272,0
-272,0
-514,0
-628,0
-614,0
-617,0
-749,0
-201,0
-548,0
-543,0
-543,0
-560,0
-838,0
-489,0
-489,0
-468,0
-527,0
-527,0
-641,0
-535,0
-227,0
-438,0
-628,0
-628,0
-628,0
-493,0
-493,0
-294,0
-294,0
-589,0
-515,0
-515,0
-677,0
-400,0
-505,0
-658,0
-658,0
-518,0
-544,0
-536,0
-322,0
-322,0
-633,0
-553,0
-553,0
-616,0
-616,0
-616,0
-302,0
-764,0
-651,0
-582,0
-752,0
-441,0
-441,0
-252,0
-252,0
-509,0
-488,0
-330,0
-330,0
-740,0
-686,0
-452,0
-810,0
-624,0
-532,0
-532,0
-710,0
-464,0
-420,0
-576,0
-623,0
-526,0
-526,0
-866,0
-345,0
-345,0
-711,0
-643,0
-643,0
-634,0
-622,0
-452,0
-630,0
-531,0
-520,0
-615,0
-615,0
-210,0
-210,0
-536,0
-666,0
-666,0
-666,0
-843,0
-602,0
-201,0
-410,0
-575,0
-793,0
-701,0
-701,0
-252,0
-252,0
-409,0
-665,0
-480,0
-513,0
-744,0
-280,0
-656,0
-656,0
-671,0
-671,0
-741,0
-691,0
-415,0
-564,0
-685,0
-536,0
-469,0
-469,0
-506,0
-245,0
-596,0
-761,0
-661,0
-538,0
-689,0
-689,0
-659,0
-703,0
-782,0
-782,0
-833,0
-367,0
-394,0
-394,0
-796,0
-619,0
-632,0
-816,0
-529,0
-297,0
-590,0
-632,0
-562,0
-562,0
-807,0
-807,0
-366,0
-593,0
-630,0
-630,0
-597,0
-742,0
-326,0
-326,0
-468,0
-630,0
-573,0
-583,0
-583,0
-374,0
-374,0
-374,0
-374,0
-669,0
-669,0
-756,0
-433,0
-433,0
-656,0
-656,0
-441,0
-673,0
-764,0
-199,0
-749,0
-535,0
-620,0
-620,0
-620,0
-340,0
-375,0
-634,0
-714,0
-714,0
-577,0
-915,0
-915,0
-422,0
-284,0
-606,0
-735,0
-735,0
-861,0
-695,0
-695,0
-623,0
-917,0
-943,0
-751,0
-662,0
-958,0
-404,0
-752,0
-826,0
-727,0
-782,0
-935,0
-554,0
-750,0
-725,0
-697,0
-697,0
-641,0
-517,0
-517,0
-517,0
-608,0
-803,0
-711,0
-775,0
-842,0
-870,0
-555,0
-489,0
-783,0
-783,0
-766,0
-780,0
-780,0
-378,0
-464,0
-853,0
-748,0
-748,0
-1034,0
-566,0
-947,0
-709,0
-682,0
-682,0
-819,0
-714,0
-620,0
-959,0
-989,0
-839,0
-839,0
-864,0
-390,0
-775,0
-742,0
-748,0
-791,0
-945,0
-542,0
-542,0
-542,0
-805,0
-991,0
-787,0
-697,0
-942,0
-1008,0
-860,0
-860,0
-852,0
-852,0
-499,0
-499,0
-821,0
-740,0
-750,0
-960,0
-738,0
-738,0
-397,0
-397,0
-397,0
-688,0
-622,0
-622,0
-721,0
-1098,0
-733,0
-442,0
-442,0
-899,0
-899,0
-950,0
-950,0
-245,0
-245,0
-809,0
-809,0
-809,0
-814,0
-814,0
-814,0
-579,0
-812,0
-816,0
-816,0
-921,0
-869,0
-754,0
-565,0
-674,0
-674,0
-668,0
-668,0
-953,0
-468,0
-468,0
-468,0
-468,0
-468,0
-468,0
-465,0
-465,0
-663,0
-763,0
-815,0
-777,0
-898,0
-648,0
-648,0
-638,0
-638,0
-615,0
-615,0
-832,0
-832,0
-630,0
-781,0
-773,0
-773,0
-750,0
-761,0
-761,0
-437,0
-807,0
-857,0
-638,0
-638,0
-700,0
-700,0
-700,0
-611,0
-601,0
-803,0
-803,0
-803,0
-647,0
-660,0
-660,0
-786,0
-537,0
-537,0
-971,0
-520,0
-933,0
-969,0
-884,0
-985,0
-1068,0
-574,0
-912,0
-912,0
-709,0
-709,0
-816,0
-816,0
-670,0
-1036,0
-937,0
-896,0
-998,0
-998,0
-453,0
-715,0
-958,0
-767,0
-732,0
-732,0
-732,0
-732,0
-1013,0
-965,0
-965,0
-959,0
-959,0
-540,0
-998,0
-967,0
-791,0
-934,0
-934,0
-464,0
-857,0
-857,0
-973,0
-973,0
-1024,0
-1024,0
-1024,0
-1024,0
-1024,0
-1024,0
-1024,0
-941,0
-777,0
-727,0
-942,0
-942,0
-942,0
-908,0
-983,0
-983,0
-429,0
-958,0
-958,0
-958,0
-958,0
-958,0
-541,0
-820,0
-820,0
-791,0
-791,0
-791,0
-802,0
-802,0
-664,0
-885,0
-885,0
-885,0
-885,0
-846,0
-437,0
-831,0
-831,0
-831,0
-831,0
-871,0
-719,0
-608,0
-836,0
-699,0
-838,0
-868,0
-1053,0
-1037,0
-657,0
-876,0
-1045,0
-1045,0
-724,0
-907,0
-965,0
-965,0
-959,0
-874,0
-905,0
-905,0
-748,0
-748,0
-485,0
-485,0
-817,0
-729,0
-729,0
-729,0
-729,0
-692,0
-943,0
-886,0
-954,0
-954,0
-700,0
-700,0
-1073,0
-1039,0
-963,0
-928,0
-854,0
-955,0
-795,0
-925,0
-1074,0
-637,0
-975,0
-975,0
-975,0
-1113,0
-1113,0
-844,0
-786,0
-815,0
-910,0
-1006,0
-850,0
-678,0
-885,0
-785,0
-970,0
-1033,0
-1119,0
-752,0
-593,0
-920,0
-918,0
-829,0
-733,0
-955,0
-808,0
-531,0
-933,0
-941,0
-1034,0
-921,0
-997,0
-997,0
-997,0
-997,0
-997,0
-997,0
-1034,0
-1034,0
-535,0
-690,0
-690,0
-1072,0
-888,0
-1017,0
-1090,0
-614,0
-614,0
-903,0
-884,0
-891,0
-891,0
-1043,0
-1043,0
-1043,0
-1043,0
-924,0
-924,0
-982,0
-982,0
-815,0
-815,0
-877,0
-642,0
-851,0
-879,0
-863,0
-1013,0
-1244,0
-841,0
-841,0
-841,0
-897,0
-897,0
-993,0
-993,0
-665,0
-968,0
-855,0
-838,0
-838,0
-864,0
-566,0
-1040,0
-932,0
-888,0
-888,0
-1083,0
-918,0
-918,0
-817,0
-994,0
-961,0
-961,0
-808,0
-973,0
-503,0
-547,0
-547,0
-914,0
-1036,0
-1112,0
-919,0
-576,0
-911,0
-998,0
-998,0
-998,0
-998,0
-1134,0
-790,0
-790,0
-915,0
-735,0
-741,0
-741,0
-1010,0
-709,0
-648,0
-648,0
-789,0
-812,0
-616,0
-766,0
-987,0
-1048,0
-832,0
-832,0
-907,0
-1106,0
-1106,0
-1154,0
-882,0
-882,0
-847,0
-847,0
-778,0
-778,0
-703,0
-703,0
-811,0
-954,0
-630,0
-350,0
-350,0
-1004,0
-988,0
-1003,0
-1003,0
-784,0
-784,0
-784,0
-1033,0
-1033,0
-883,0
-1069,0
-782,0
-552,0
-552,0
-902,0
-902,0
-690,0
-956,0
-702,0
-702,0
-726,0
-1003,0
-1003,0
-906,0
-1043,0
-1043,0
-1043,0
-1043,0
-1043,0
-1060,0
-776,0
-776,0
-1146,0
-1146,0
-602,0
-602,0
-1067,0
-1067,0
-1098,0
-1145,0
-1086,0
-1086,0
-1062,0
-1062,0
-950,0
-905,0
-1194,0
-868,0
-910,0
-1118,0
-1118,0
-974,0
-999,0
-999,0
-1081,0
-716,0
-1036,0
-864,0
-880,0
-988,0
-914,0
-938,0
-709,0
-1076,0
-1085,0
-971,0
-971,0
-1039,0
-883,0
-747,0
-997,0
-987,0
-987,0
-876,0
-876,0
-977,0
-670,0
-670,0
-959,0
-1050,0
-949,0
-799,0
-799,0
-799,0
-799,0
-922,0
-941,0
-944,0
-999,0
-999,0
-775,0
-775,0
-785,0
-785,0
-785,0
-932,0
-982,0
-1096,0
-753,0
-719,0
-790,0
-790,0
-746,0
-746,0
-746,0
-945,0
-1319,0
-1319,0
-1319,0
-1136,0
-1033,0
-1033,0
-1166,0
-1166,0
-1166,0
-1166,0
-1041,0
-993,0
-844,0
-925,0
-1108,0
-1108,0
-895,0
-970,0
-970,0
-953,0
-953,0
-1018,0
-1018,0
-1018,0
-950,0
-1075,0
-1260,0
-1260,0
-1054,0
-1054,0
-1165,0
-923,0
-1113,0
-1219,0
-763,0
-1173,0
-1091,0
-1059,0
-1059,0
-1059,0
-1132,0
-789,0
-789,0
-1204,0
-1017,0
-1017,0
-1238,0
-1279,0
-948,0
-1140,0
-1082,0
-1082,0
-1171,0
-1171,0
-881,0
-881,0
-1166,0
-1058,0
-981,0
-981,0
-967,0
-967,0
-1048,0
-1048,0
-1090,0
-1264,0
-972,0
-972,0
-945,0
-945,0
-1032,0
-1032,0
-1157,0
-1157,0
-1141,0
-827,0
-1051,0
-1121,0
-1202,0
-1202,0
-1202,0
-834,0
-834,0
-834,0
-1017,0
-1180,0
-1363,0
-1073,0
-703,0
-703,0
-1263,0
-1291,0
-1267,0
-926,0
-745,0
-1374,0
-1251,0
-1251,0
-1164,0
-1349,0
-1103,0
-1103,0
-1125,0
-1280,0
-1242,0
-1244,0
-1244,0
-1231,0
-936,0
-1130,0
-1096,0
-987,0
-987,0
-1417,0
-1417,0
-1401,0
-1401,0
-1212,0
-1208,0
-1271,0
-1271,0
-851,0
-926,0
-1136,0
-1268,0
-1268,0
-1312,0
-1275,0
-947,0
-1171,0
-1171,0
-1284,0
-1194,0
-1370,0
-1370,0
-928,0
-928,0
-1315,0
-1300,0
-1306,0
-1190,0
-1190,0
-1160,0
-933,0
-933,0
-1321,0
-1105,0
-1162,0
-1253,0
-1234,0
-1234,0
-1038,0
-1038,0
-1166,0
-1001,0
-1093,0
-1093,0
-1093,0
-1134,0
-1273,0
-1344,0
-1326,0
-1326,0
-1173,0
-877,0
-877,0
-1259,0
-1259,0
-1260,0
-1323,0
-1378,0
-928,0
-851,0
-1011,0
-1274,0
-1274,0
-1206,0
-1325,0
-1463,0
-1198,0
-938,0
-1319,0
-1355,0
-1355,0
-1285,0
-1430,0
-1230,0
-938,0
-1269,0
-1279,0
-1279,0
-1190,0
-1352,0
-1352,0
-997,0
-997,0
-1137,0
-1171,0
-1171,0
-1443,0
-1443,0
-1105,0
-1105,0
-1394,0
-1194,0
-1116,0
-1116,0
-1351,0
-1351,0
-947,0
-650,0
-650,0
-1121,0
-1121,0
-1121,0
-1174,0
-1483,0
-1483,0
-927,0
-1097,0
-1097,0
-1097,0
-1097,0
-1097,0
-1599,0
-1371,0
-1002,0
-1262,0
-1181,0
-1181,0
-1181,0
-1181,0
-984,0
-984,0
-1363,0
-1308,0
-1143,0
-1143,0
-1254,0
-1347,0
-1347,0
-1073,0
-1462,0
-1438,0
-1394,0
-1394,0
-1500,0
-1328,0
-1011,0
-1011,0
-1147,0
-1147,0
-1272,0
-1480,0
-944,0
-1050,0
-1289,0
-1289,0
-1140,0
-1193,0
-1109,0
-1205,0
-1028,0
-1028,0
-1099,0
-1252,0
-1139,0
-1130,0
-1130,0
-1342,0
-1234,0
-961,0
-1245,0
-1293,0
-1247,0
-1135,0
-1224,0
-1457,0
-1411,0
-966,0
-966,0
-1158,0
-1158,0
-1158,0
-1142,0
-1476,0
-1363,0
-891,0
-925,0
-1191,0
-1191,0
-1346,0
-1346,0
-1507,0
-1100,0
-982,0
-1371,0
-1337,0
-1430,0
-1430,0
-1470,0
-921,0
-849,0
-1158,0
-1158,0
-1158,0
-1243,0
-1447,0
-995,0
-1042,0
-1415,0
-1415,0
-1381,0
-1283,0
-1440,0
-1440,0
-1440,0
-1166,0
-1318,0
-1256,0
-1177,0
-1305,0
-1305,0
-1383,0
-1031,0
-1068,0
-1419,0
-1364,0
-1385,0
-1382,0
-1539,0
-1304,0
-1304,0
-1304,0
-1304,0
-1416,0
-1327,0
-1327,0
-1277,0
-1006,0
-1325,0
-1266,0
-1425,0
-1323,0
-1360,0
-1360,0
-1269,0
-1269,0
-1531,0
-1531,0
-1424,0
-1288,0
-1288,0
-1274,0
-1274,0
-1592,0
-1592,0
-1375,0
-1355,0
-1578,0
-1578,0
-1578,0
-1467,0
-1403,0
-1403,0
-1403,0
-1516,0
-1414,0
-1259,0
-1521,0
-1442,0
-1247,0
-1375,0
-1378,0
-1003,0
-1444,0
-1472,0
-1330,0
-1195,0
-1663,0
-1663,0
-1201,0
-1231,0
-1329,0
-1271,0
-1389,0
-1429,0
-1012,0
-1076,0
-1238,0
-1238,0
-1238,0
-1238,0
-1238,0
-1586,0
-1675,0
-1675,0
-1375,0
-1374,0
-1313,0
-1313,0
-1313,0
-1313,0
-1313,0
-1313,0
-1313,0
-1508,0
-1489,0
-1368,0
-1659,0
-1582,0
-1239,0
-1487,0
-1487,0
-1423,0
-1381,0
-1616,0
-1461,0
-1461,0
-1126,0
-1612,0
-1612,0
-1626,0
-1460,0
-1449,0
-1525,0
-1267,0
-1267,0
-1587,0
-1587,0
-1587,0
-1258,0
-1258,0
-1558,0
-1114,0
-1540,0
-1540,0
-1716,0
-1439,0
-1635,0
-1594,0
-1237,0
-1635,0
-1635,0
-1635,0
-1635,0
-1489,0
-1489,0
-1189,0
-1047,0
-1455,0
-1452,0
-1325,0
-1336,0
-1336,0
-1336,0
-1213,0
-1471,0
-1413,0
-1159,0
-1159,0
-1159,0
-1159,0
-1159,0
-1596,0
-1673,0
-1331,0
-1387,0
-1411,0
-1341,0
-1341,0
-1548,0
-1323,0
-1179,0
-1487,0
-1506,0
-1297,0
-1158,0
-1556,0
-1639,0
-1575,0
-1605,0
-1427,0
-1350,0
-1447,0
-1447,0
-1323,0
-1697,0
-1697,0
-1443,0
-1364,0
-1515,0
-1671,0
-1255,0
-1078,0
-1510,0
-1615,0
-1516,0
-1440,0
-1440,0
-1581,0
-1125,0
-1125,0
-1125,0
-1125,0
-1396,0
-1396,0
-1353,0
-1445,0
-1704,0
-1090,0
-1090,0
-1578,0
-1578,0
-1325,0
-1414,0
-1534,0
-1075,0
-1075,0
-1332,0
-1309,0
-1406,0
-1264,0
-1302,0
-1718,0
-1555,0
-1103,0
-1103,0
-1429,0
-1429,0
-1429,0
-1429,0
-1386,0
-1355,0
-1177,0
-1177,0
-1498,0
-1546,0
-1750,0
-1711,0
-1240,0
-1251,0
-1494,0
-1361,0
-1454,0
-1709,0
20537,0
20259,0
20346,0
20346,0
20414,0
20387,0
20353,0
20511,0
20423,0
20375,0
20579,0
20390,0
20368,0
20368,0
20368,0
20635,0
20569,0
20471,0
20340,0
20562,0
20562,0
20562,0
20562,0
20450,0
20544,0
20653,0
20561,0
20494,0
20494,0
20605,0
20620,0
20528,0
20459,0
20485,0
20498,0
20757,0
20651,0
20466,0
20560,0
20550,0
20550,0
20550,0
20622,0
20547,0
20547,0
20547,0
20482,0
20582,0
20535,0
20535,0
20535,0
20547,0
20547,0
20700,0
20624,0
20624,0
20624,0
20735,0
20735,0
20567,0
20705,0
20705,0
20712,0
20637,0
20637,0
20864,0
20864,0
20493,0
20643,0
20734,0
20678,0
20678,0
20678,0
20678,0
20678,0
20629,0
20629,0
20629,0
20700,0
20817,0
20616,0
20816,0
20694,0
20694,0
20694,0
20583,0
20738,0
20769,0
20769,0
20828,0
20492,0
20797,0
20645,0
20717,0
20717,0
20738,0
20780,0
20861,0
20861,0
20861,0
20664,0
20830,0
20830,0
20595,0
20595,0
20809,0
20806,0
20630,0
20684,0
20828,0
20860,0
20782,0
20782,0
20782,0
20782,0
20845,0
20881,0
20881,0
20597,0
20817,0
20721,0
20721,0
20721,0
20654,0
20654,0
20880,0
20787,0
20788,0
20738,0
20886,0
20753,0
20753,0
20888,0
20744,0
20635,0
20943,0
20888,0
20888,0
20888,0
20888,0
20773,0
20907,0
20734,0
20734,0
20927,0
20711,0
20711,0
20922,0
20802,0
21039,0
20942,0
20564,0
20564,0
20833,0
20702,0
20702,0
20702,0
20820,0
20688,0
20813,0
21071,0
21071,0
21071,0
21057,0
21057,0
20846,0
20971,0
20876,0
20876,0
20876,0
21061,0
20753,0
20753,0
21113,0
21113,0
20808,0
20969,0
21039,0
20958,0
20780,0
20978,0
20844,0
20844,0
20919,0
21043,0
21043,0
20941,0
20941,0
20846,0
20874,0
20874,0
20874,0
20874,0
21008,0
20919,0
20692,0
20970,0
21190,0
21112,0
21112,0
21073,0
21119,0
20912,0
21018,0
21018,0
21018,0
21018,0
21018,0
21287,0
21073,0
21015,0
21108,0
21066,0
21063,0
21024,0
21024,0
21081,0
21038,0
21097,0
21097,0
21077,0
21077,0
21077,0
21101,0
21040,0
21105,0
21195,0
21193,0
21115,0
21115,0
21252,0
21252,0
21074,0
21074,0
21121,0
21270,0
21369,0
21251,0
21251,0
21450,0
21212,0
21427,0
21336,0
21253,0
21286,0
21483,0
21483,0
21343,0
21295,0
21342,0
21342,0
21160,0
21160,0
21369,0
21369,0
21288,0
21220,0
21220,0
21328,0
21337,0
21337,0
21665,0
21573,0
21573,0
21339,0
21275,0
21275,0
21236,0
21406,0
21406,0
21315,0
21315,0
21323,0
21316,0
21316,0
21220,0
21389,0
21389,0
21291,0
21363,0
21363,0
21404,0
21363,0
21374,0
21548,0
21292,0
21359,0
21482,0
21423,0
21279,0
21279,0
21550,0
21550,0
21421,0
21591,0
21606,0
21606,0
21513,0
21521,0
21418,0
21553,0
21553,0
21553,0
21445,0
21583,0
21650,0
21542,0
21436,0
21542,0
21542,0
21542,0
21456,0
21678,0
21696,0
21458,0
21480,0
21667,0
21602,0
21478,0
21548,0
21604,0
21596,0
21602,0
21565,0
21538,0
21651,0
21651,0
21651,0
21832,0
21771,0
21739,0
21739,0
21619,0
21623,0
21706,0
21694,0
21694,0
21616,0
21720,0
21880,0
21880,0
21880,0
21880,0
21754,0
21757,0
21865,0
21790,0
21790,0
21651,0
21899,0
21880,0
21660,0
21660,0
21660,0
21710,0
21918,0
21965,0
21965,0
21905,0
21780,0
21771,0
21771,0
21771,0
21906,0
21752,0
22029,0
21980,0
21980,0
21690,0
21781,0
21909,0
21909,0
21909,0
21810,0
21810,0
21987,0
22092,0
21981,0
21981,0
21774,0
22022,0
21996,0
21996,0
21990,0
21990,0
22174,0
22001,0
21877,0
22099,0
22094,0
21954,0
21948,0
21948,0
22058,0
22037,0
22049,0
22094,0
21903,0
21987,0
22055,0
21968,0
22102,0
21988,0
21988,0
22033,0
22222,0
22200,0
22200,0
22064,0
21975,0
22165,0
22106,0
22106,0
22383,0
22383,0
22383,0
22383,0
22293,0
22293,0
22143,0
22110,0
22173,0
22120,0
22259,0
22351,0
22248,0
22064,0
22317,0
22317,0
22029,0
22145,0
22132,0
22216,0
22219,0
22305,0
22305,0
22179,0
22158,0
22165,0
22278,0
22166,0
22166,0
22166,0
22397,0
22266,0
22231,0
22205,0
22297,0
22487,0
22320,0
22467,0
22586,0
22043,0
22043,0
22425,0
22337,0
22475,0
22434,0
22178,0
22178,0
22259,0
22257,0
22148,0
22189,0
22492,0
22445,0
22383,0
22383,0
22395,0
22394,0
22502,0
22454,0
22466,0
22424,0
22424,0
22462,0
22462,0
22462,0
22149,0
22248,0
22387,0
22442,0
22465,0
22477,0
22717,0
22476,0
22513,0
22455,0
22526,0
22526,0
22526,0
22526,0
22264,0
22480,0
22610,0
22492,0
22352,0
22352,0
22352,0
22474,0
22474,0
22512,0
22556,0
22556,0
22617,0
22617,0
22521,0
22570,0
22681,0
22659,0
22566,0
22449,0
22668,0
22746,0
22465,0
22619,0
22619,0
22607,0
22607,0
22516,0
22516,0
22516,0
22516,0
22516,0
22674,0
22688,0
22580,0
22697,0
22674,0
22505,0
22505,0
22720,0
22630,0
22630,0
22688,0
22449,0
22432,0
22660,0
22715,0
22625,0
22763,0
22556,0
22560,0
22678,0
22478,0
22693,0
22582,0
22582,0
22617,0
22626,0
22626,0
22626,0
22582,0
22895,0
22807,0
22673,0
22682,0
22740,0
22813,0
22800,0
22641,0
22641,0
22968,0
22858,0
22581,0
22581,0
22581,0
22581,0
22581,0
22581,0
22942,0
22942,0
22560,0
22772,0
22772,0
22844,0
22776,0
22776,0
22814,0
22838,0
22720,0
22654,0
22654,0
22805,0
22805,0
22862,0
22747,0
22583,0
22820,0
22917,0
22917,0
22891,0
22689,0
22806,0
23075,0
22805,0
22762,0
22762,0
22993,0
22753,0
22885,0
23020,0
22860,0
22792,0
22867,0
22867,0
22910,0
22723,0
22972,0
22761,0
22897,0
22855,0
22825,0
22781,0
22781,0
22781,0
22781,0
22850,0
22850,0
22850,0
22850,0
22939,0
22939,0
22819,0
22957,0
22957,0
22694,0
22694,0
22907,0
22907,0
22712,0
22645,0
22855,0
22826,0
22942,0
22943,0
22943,0
22943,0
23079,0
22791,0
22791,0
22976,0
22976,0
23057,0
23057,0
22853,0
23030,0
23030,0
22849,0
22860,0
22876,0
22809,0
22809,0
23092,0
23089,0
22879,0
22984,0
22951,0
22887,0
22912,0
22796,0
22877,0
23103,0
23103,0
22957,0
22957,0
22959,0
22844,0
22935,0
23126,0
23034,0
23002,0
23073,0
23073,0
23043,0
22950,0
23087,0
23033,0
22921,0
23035,0
22932,0
22932,0
22903,0
23064,0
23064,0
23022,0
22987,0
23029,0
22968,0
22963,0
22779,0
22790,0
23108,0
23108,0
23037,0
23037,0
23167,0
23002,0
23002,0
23002,0
23260,0
23098,0
23073,0
23073,0
22889,0
23174,0
22980,0
23016,0
22938,0
22967,0
22984,0
23080,0
22986,0
23033,0
23033,0
23093,0
23044,0
23044,0
23322,0
23242,0
23054,0
23052,0
23048,0
23048,0
23235,0
22990,0
23161,0
23065,0
23089,0
23044,0
23044,0
22931,0
23245,0
23045,0
23045,0
22966,0
23112,0
23059,0
23059,0
23059,0
23059,0
23028,0
23028,0
22952,0
23056,0
23136,0
23136,0
23080,0
23080,0
23167,0
23167,0
23167,0
23167,0
23168,0
23171,0
23189,0
23189,0
23317,0
23295,0
23081,0
23138,0
23138,0
22974,0
23058,0
23290,0
23290,0
23369,0
23180,0
23168,0
23055,0
23440,0
23428,0
23155,0
23155,0
23083,0
23201,0
23305,0
23208,0
23208,0
23210,0
23449,0
23293,0
23293,0
23413,0
23413,0
23296,0
23321,0
23321,0
23321,0
23222,0
23368,0
23278,0
23216,0
23282,0
23282,0
23427,0
23243,0
23363,0
23377,0
23377,0
23369,0
23369,0
23242,0
23271,0
23271,0
23483,0
23296,0
23316,0
23316,0
23316,0
23387,0
23537,0
23537,0
23537,0
23283,0
23386,0
23386,0
23481,0
23290,0
23438,0
23437,0
23359,0
23359,0
23457,0
23457,0
23457,0
23457,0
23295,0
23382,0
23389,0
23318,0
23318,0
23406,0
23472,0
23600,0
23463,0
23327,0
23321,0
23436,0
23457,0
23375,0
23370,0
23474,0
23405,0
23405,0
23483,0
23442,0
23442,0
23442,0
23456,0
23651,0
23335,0
23378,0
23266,0
23266,0
23266,0
23433,0
23580,0
23477,0
23534,0
23534,0
23443,0
23490,0
23533,0
23604,0
23479,0
23300,0
23390,0
23453,0
23407,0
23407,0
23640,0
23640,0
23522,0
23317,0
23472,0
23433,0
23525,0
23590,0
23343,0
23574,0
23574,0
23524,0
23483,0
23515,0
23471,0
23471,0
23578,0
23455,0
23534,0
23642,0
23620,0
23651,0
23566,0
23688,0
23593,0
23593,0
23663,0
23663,0
23520,0
23505,0
23505,0
23505,0
23602,0
23702,0
23702,0
23531,0
23531,0
23580,0
23622,0
23492,0
23569,0
23828,0
23685,0
23495,0
23630,0
23584,0
23721,0
23721,0
23721,0
23815,0
23422,0
23694,0
23694,0
23553,0
23617,0
23712,0
23712,0
23715,0
23694,0
23694,0
23669,0
23669,0
23669,0
23830,0
23695,0
23749,0
23842,0
23605,0
23585,0
23597,0
23568,0
23568,0
23825,0
23741,0
23753,0
23634,0
23634,0
23931,0
23683,0
23616,0
23804,0
23804,0
23684,0
23684,0
23799,0
23799,0
23799,0
23622,0
23739,0
23726,0
23694,0
23694,0
23694,0
23860,0
23860,0
23643,0
23708,0
23771,0
23771,0
23760,0
23715,0
23812,0
23804,0
23806,0
23880,0
23739,0
23739,0
23973,0
23826,0
23826,0
23843,0
23821,0
23821,0
23874,0
24002,0
23898,0
23898,0
23773,0
23745,0
23714,0
23664,0
23930,0
23965,0
23869,0
23896,0
23840,0
23960,0
23903,0
24246,0
23996,0
23785,0
23785,0
23917,0
23917,0
23916,0
23916,0
23993,0
24077,0
23858,0
23897,0
23897,0
23945,0
23945,0
23880,0
24045,0
24045,0
23993,0
24061,0
24061,0
24061,0
24092,0
23927,0
24252,0
24252,0
24044,0
23832,0
23861,0
24151,0
23914,0
23914,0
24206,0
23984,0
23984,0
23984,0
23984,0
23984,0
24121,0
24121,0
24197,0
24148,0
24148,0
24115,0
24115,0
24035,0
24035,0
24217,0
24002,0
23970,0
24032,0
24020,0
24144,0
24144,0
24111,0
24111,0
24045,0
24060,0
24138,0
24138,0
24092,0
24248,0
24209,0
24209,0
24029,0
24029,0
24029,0
24029,0
24233,0
24233,0
24103,0
24083,0
24132,0
24075,0
24075,0
24347,0
24248,0
23991,0
24077,0
24251,0
24282,0
24282,0
24019,0
24311,0
24319,0
24319,0
24100,0
24273,0
24208,0
24296,0
24188,0
24320,0
24264,0
24108,0
24097,0
24097,0
24055,0
24055,0
24211,0
24211,0
24211,0
24099,0
24099,0
24143,0
24154,0
24312,0
24312,0
24312,0
24150,0
24291,0
24291,0
24173,0
24109,0
24176,0
24291,0
24201,0
24249,0
24425,0
24425,0
24140,0
24373,0
24373,0
24437,0
24437,0
24483,0
24310,0
24036,0
24159,0
24305,0
24417,0
24024,0
24089,0
24089,0
24297,0
24368,0
24368,0
24420,0
24313,0
24264,0
24254,0
24134,0
24356,0
24286,0
24177,0
24381,0
24454,0
24232,0
24265,0
24374,0
24292,0
24405,0
24283,0
24251,0
24376,0
24273,0
24201,0
24309,0
24309,0
24310,0
24013,0
24226,0
24449,0
24208,0
24385,0
24263,0
24355,0
24355,0
24355,0
24431,0
24431,0
24227,0
24227,0
24227,0
24287,0
24287,0
24470,0
24477,0
24477,0
24317,0
24351,0
24264,0
24239,0
24176,0
24176,0
24341,0
24353,0
24263,0
24263,0
24355,0
24291,0
24291,0
24401,0
24401,0
24401,0
24401,0
24230,0
24431,0
24380,0
24223,0
24193,0
24367,0
24391,0
24333,0
24316,0
24316,0
24105,0
24105,0
24176,0
24176,0
24176,0
24265,0
24448,0
24390,0
24416,0
24422,0
24378,0
24378,0
24392,0
24215,0
24477,0
24477,0
24463,0
24443,0
24472,0
24414,0
24417,0
24397,0
24372,0
24497,0
24517,0
24402,0
24588,0
24588,0
24475,0
24364,0
24508,0
24281,0
24418,0
24583,0
24583,0
24479,0
24431,0
24420,0
24455,0
24348,0
24348,0
24558,0
24482,0
24537,0
24454,0
24543,0
24660,0
24660,0
24483,0
24579,0
24421,0
24499,0
24604,0
24604,0
24424,0
24452,0
24582,0
24607,0
24700,0
24700,0
24390,0
24639,0
24639,0
24639,0
24589,0
24511,0
24511,0
24748,0
24639,0
24531,0
24536,0
24694,0
24505,0
24596,0
24547,0
24547,0
24547,0
24347,0
24347,0
24666,0
24568,0
24730,0
24736,0
24799,0
24543,0
24543,0
24790,0
24790,0
24446,0
24567,0
24828,0
24828,0
24654,0
24731,0
24627,0
24735,0
24854,0
24683,0
24617,0
24763,0
24763,0
24763,0
24460,0
24773,0
24788,0
24622,0
24709,0
24709,0
24656,0
24777,0
24730,0
24763,0
24861,0
24697,0
24633,0
24633,0
24701,0
24701,0
24914,0
24914,0
24862,0
24802,0
24747,0
24591,0
24688,0
24686,0
24710,0
24840,0
24933,0
24933,0
24933,0
24933,0
24810,0
24869,0
24732,0
24732,0
24932,0
24715,0
24927,0
24927,0
24957,0
24867,0
24867,0
24963,0
24963,0
24900,0
24843,0
24843,0
24874,0
24800,0
24999,0
24893,0
24819,0
24819,0
24819,0
24913,0
24865,0
24981,0
24965,0
24826,0
24816,0
24976,0
24976,0
24976,0
25169,0
25076,0
24901,0
24901,0
24984,0
24949,0
24949,0
24949,0
25065,0
25005,0
25119,0
25217,0
25217,0
25183,0
25029,0
25189,0
24899,0
25157,0
25064,0
25064,0
25129,0
25301,0
25084,0
25116,0
24953,0
24956,0
25094,0
24943,0
25159,0
25217,0
25129,0
25129,0
25348,0
25293,0
25293,0
25205,0
25137,0
25137,0
25189,0
25189,0
25087,0
25158,0
25337,0
25162,0
25162,0
25310,0
25122,0
25122,0
25122,0
25255,0
25255,0
25165,0
25257,0
25253,0
25166,0
25166,0
25247,0
25441,0
25441,0
25441,0
25185,0
25318,0
25315,0
25232,0
25236,0
25148,0
25218,0
25390,0
25250,0
25263,0
25263,0
25238,0
25111,0
25116,0
25116,0
25116,0
25256,0
25322,0
25327,0
25319,0
25550,0
25518,0
25324,0
25336,0
25402,0
25476,0
25222,0
25222,0
25459,0
25328,0
25328,0
25366,0
25366,0
25400,0
25400,0
25462,0
25462,0
25480,0
25480,0
25480,0
25480,0
25582,0
25500,0
25472,0
25513,0
25713,0
25713,0
25652,0
25652,0
25652,0
25485,0
25639,0
25639,0
25486,0
25579,0
25609,0
25622,0
25464,0
25609,0
25653,0
25653,0
25609,0
25770,0
25770,0
25782,0
25893,0
25735,0
25735,0
25735,0
25775,0
25890,0
25890,0
25838,0
25877,0
25707,0
25884,0
25884,0
25997,0
25741,0
25928,0
25886,0
25991,0
26027,0
26050,0
25978,0
25978,0
25914,0
25914,0
25459,0
25740,0
25740,0
25944,0
25793,0
25934,0
25772,0
25770,0
25968,0
26120,0
26036,0
25938,0
25938,0
25938,0
25888,0
25888,0
25807,0
25880,0
25880,0
25859,0
25859,0
25847,0
25760,0
25805,0
25805,0
25985,0
25820,0
25820,0
25900,0
25900,0
25900,0
25962,0
25962,0
25911,0
26111,0
26064,0
25825,0
25795,0
25793,0
25770,0
25918,0
25821,0
25821,0
26056,0
25653,0
25653,0
25653,0
25653,0
25775,0
26080,0
26080,0
25828,0
25891,0
26138,0
26061,0
25907,0
25907,0
25969,0
25969,0
25874,0
26051,0
25991,0
25991,0
25814,0
25814,0
26093,0
26093,0
25819,0
25779,0
25779,0
25986,0
26078,0
25967,0
25812,0
26092,0
25995,0
25903,0
25907,0
25833,0
25863,0
25863,0
26003,0
26003,0
25706,0
25706,0
25817,0
25726,0
25726,0
26157,0
25917,0
25902,0
25975,0
25975,0
25862,0
25889,0
25993,0
25993,0
25995,0
25899,0
25899,0
25863,0
25830,0
26031,0
26183,0
26003,0
25980,0
25980,0
25913,0
25883,0
26076,0
25962,0
25873,0
25828,0
25828,0
25931,0
25865,0
25935,0
25912,0
26009,0
25903,0
25902,0
25909,0
25909,0
26020,0
26020,0
25944,0
25944,0
26046,0
26046,0
26046,0
26046,0
26038,0
26038,0
26019,0
26123,0
25891,0
25963,0
25944,0
25966,0
26055,0
26055,0
26055,0
26135,0
25966,0
25966,0
25966,0
25959,0
25838,0
26115,0
26085,0
26123,0
25983,0
26049,0
26049,0
26118,0
26118,0
26197,0
26197,0
26051,0
25989,0
25989,0
26139,0
26105,0
26105,0
26127,0
26127,0
26127,0
26127,0
26322,0
25959,0
26249,0
26075,0
26071,0
26298,0
26237,0
